ids	Intensity_CL1_S1	Intensity_CL1_S2	Intensity_CL1_S3
	CL1	CL1	CL1
Q9NRJ4	0	2	0
P98196	5	3	4
P98194	0	6	2
P61758	20	18	15
P30613	8	14	8
Q9BT17	2	0	0
Q13671	2	0	0
Q86VY4	2	0	2
P20839	22	9	13
P49674	2	0	0
P51970	14	12	15
Q8WW59	6	0	4
Q6IA17	3	2	0
O95573	72	32	62
Q99856	2	2	3
O95571	10	16	24
Q8WVT3	5	5	0
Q15847	2	0	0
P08758	130	139	121
Q15843	8	18	5
P08754	14	13	11
P14174	120	130	72
Q9BT09	16	9	32
P06576	325	197	265
P51965	5	0	2
Q86VX2	11	0	9
Q86W92	4	6	0
P49662	10	5	10
P55084	30	35	17
Q99848	14	10	6
O95563	2	2	4
P55081	0	2	0
P98179	13	0	12
P98175	7	5	3
Q15836	4	4	4
Q15833	32	15	16
P98170	2	3	3
P39880	11	15	7
Q9UEY8	2	0	4
Q6P4A7	0	0	3
Q9NRG9	23	13	15
Q9NRG7	4	4	4
Q9NRG4	5	4	5
Q9NRG1	4	0	0
P20810	60	115	63
Q9NRG0	0	8	0
P55072	283	298	217
Q99836	4	0	2
Q52LJ0	12	16	12
Q75QN2	0	4	0
Q8WVR3	0	2	0
Q15828	0	2	0
Q99832	136	76	108
P16333	4	0	0
P98160	3	0	6
Q13641	2	5	4
P51948	8	10	8
P51946	2	3	0
Q9NRF9	6	6	4
Q9NRF8	13	16	13
Q53T59	10	14	7
P49643	10	6	9
Q99829	26	18	45
Q9NRF2	2	0	0
P49642	7	4	4
Q09161	35	34	33
Q09160	15	13	9
P55060	316	289	288
Q15819	4	13	7
Q8WVQ1	8	0	2
P08729	654	1031	737
P08727	437	302	494
Q15814	3	6	3
Q15813	10	8	9
Q15811	5	4	4
F8WCM5	0	0	5
Q13637	2	0	0
Q13636	2	0	0
Q9UEW8	3	2	2
Q13630	10	8	12
Q86VU5	2	5	2
Q9BSL1	0	3	2
Q5JVS0	2	0	0
Q99816	25	8	23
Q8WW12	12	4	11
Q13625	7	8	0
Q5QJE6	3	4	2
Q13620	25	33	19
Q86W56	7	4	2
O75976	12	10	5
O75970	4	6	3
Q96GX5	0	3	0
P04350	1238	0	1044
Q99808	3	3	0
Q8IUX4	3	0	0
Q99805	28	16	18
Q6UXV4	8	10	5
Q8WW01	3	0	0
P08708	27	134	40
Q13619	23	22	18
Q13618	21	29	11
Q13617	15	15	9
Q13616	18	8	14
Q9BSJ8	78	82	74
Q13614	0	2	0
Q13613	5	0	2
Q86VS8	2	2	2
Q13610	4	4	3
Q9BSJ2	11	8	5
Q9UEU0	5	0	0
O75964	6	10	7
Q86W42	3	2	2
P55039	5	5	0
Q96GW9	5	5	4
Q9H2W6	3	7	5
O75962	57	39	38
P55036	38	41	41
Q9NRC1	2	0	0
Q01658	10	0	8
Q7KZ85	6	5	5
Q01650	3	0	3
Q13608	4	0	0
Q13601	2	0	3
O75955	4	7	5
Q86VR2	2	6	0
Q9H2V7	7	0	5
Q96H79	3	12	9
Q3ZCW2	6	0	3
Q8WVM8	59	42	41
Q8WVM7	7	12	11
Q9BSH4	7	13	10
O75947	20	27	18
Q9NRA8	5	0	4
Q86VQ1	0	2	0
O75940	5	4	3
Q9H2U2	25	39	25
Q9H2U1	9	6	5
P25686	9	5	6
P02144	6	0	3
P55011	2	0	0
P25685	21	16	14
P55010	26	30	24
Q9UER7	6	3	5
Q86VP6	125	119	107
O75937	6	17	6
O75935	4	10	9
O75934	11	7	9
Q86W11	0	0	2
Q86VP1	2	0	0
Q96H55	6	10	6
Q8IV56	0	2	0
P78540	0	0	2
Q6NXG1	42	15	51
P23497	11	13	13
Q9BSF4	4	4	0
Q53FT3	2	3	0
O75923	61	56	52
Q6P3X3	10	14	8
Q17RY0	3	3	2
P78537	0	2	0
Q96GS4	2	0	0
Q8WVJ2	12	5	8
P43034	25	31	13
P15880	67	38	68
Q6P3W7	25	30	26
O75915	7	9	10
Q76L83	0	2	2
Q86VN1	2	0	0
Q8IV38	4	4	2
P78527	295	274	321
Q8IUR7	8	2	5
Q8IV36	0	6	0
Q6NXE6	16	21	12
Q9H330	0	0	2
P78524	3	0	0
Q6UY14	8	6	6
Q7KYR7	3	3	0
Q8IUR0	10	4	6
Q2M389	10	13	10
Q9BSD7	7	15	5
Q86VM9	6	5	2
O75909	11	8	5
P21291	27	44	32
P13693	97	51	64
Q96GQ7	7	7	7
P27824	267	242	449
Q96GQ5	0	0	5
Q6SJ93	3	0	0
P33240	18	24	8
Q96H20	8	12	9
Q6YP21	18	6	10
P21283	8	5	7
Q9BSC4	10	7	7
P21281	31	26	21
Q3ZCQ8	15	24	22
Q9H2P9	3	0	0
P27816	27	33	35
Q709C8	8	8	8
Q6UXN9	6	7	8
Q9H2P0	22	11	11
P62195	47	47	45
P62191	68	63	38
P23458	0	2	0
P43007	5	7	4
P43003	0	2	0
Q9BSB4	0	2	0
P13674	14	15	12
Q9H307	9	17	10
P11498	15	16	13
P13671	5	3	4
Q9NQZ5	7	0	4
Q8IV08	6	11	4
Q9NQZ2	3	0	2
Q49AR2	4	6	4
P31040	98	114	84
P23443	2	0	0
P21266	5	8	6
P13667	372	238	248
Q9NQY0	2	0	0
P54578	47	51	57
Q16270	6	5	4
P54577	37	39	24
Q5VUA4	7	2	3
P46977	18	12	28
P23434	15	2	16
P46976	8	3	5
Q5SY16	16	12	19
Q9H2M9	44	38	33
Q86VI3	30	25	21
Q96GM8	2	0	2
Q9NQX3	0	4	3
Q96GM5	0	0	3
Q92797	26	21	18
Q92796	4	4	4
Q8WVD5	0	2	0
Q92793	3	2	2
Q06481	5	2	7
P13647	35	35	36
P13646	85	64	86
P13645	51	69	26
Q3ZCM7	0	108	0
Q9NQW7	20	19	14
Q9NQW6	29	28	24
Q5JVF3	2	0	0
Q53SF7	7	3	2
Q9NR82	2	0	0
P62158	181	153	110
Q9NQW1	0	0	2
Q92785	7	4	3
Q92783	7	7	6
Q8WVC0	2	0	0
P13639	1154	403	1173
Q9H2K8	6	0	0
Q9NR77	8	11	8
Q96GK7	13	9	11
Q8WVB6	6	6	9
Q92771	0	3	0
P62140	81	66	50
Q14061	5	0	4
P46940	449	428	402
Q9H2J4	0	3	3
Q92769	27	23	37
Q5GLZ8	16	19	8
P56715	0	6	0
P62136	80	72	56
P11441	7	7	6
Q6UXH1	12	10	5
Q96TC7	11	13	7
P46939	11	5	7
P46937	8	20	12
P46934	32	34	22
Q9UEG4	3	3	3
Q9NQT8	13	5	10
Q9NR56	3	3	6
P42575	14	8	10
Q9NQT5	11	12	4
P42574	10	3	7
Q9NQT4	13	12	12
Q8IUI8	4	5	3
Q92759	2	0	4
Q9NR50	4	3	6
Q16222	11	12	12
Q5TFE4	15	16	10
P09132	10	10	9
Q08623	6	7	8
P46926	32	12	21
Q9BRZ2	14	9	7
Q9H2H9	0	0	10
Q9H2H8	10	0	6
P42566	14	4	9
Q9NR46	13	9	8
Q9NR45	46	20	37
Q92747	14	21	14
Q9NQS1	3	3	2
Q8IUH4	4	2	0
Q92743	6	0	2
Q6ZW49	0	5	0
P32780	4	0	2
Q96TA2	7	5	12
Q96TA1	113	82	82
Q9UEE9	4	3	4
Q7LGA3	0	2	3
Q96GG9	7	2	6
Q9NQR4	14	14	17
Q9NR33	2	8	0
Q92738	3	2	2
Q9H2G2	11	19	19
Q9NR31	42	28	29
Q16204	6	16	12
P11413	70	39	63
Q9NR30	26	23	19
Q92734	26	13	14
Q92733	0	0	7
P09110	22	18	21
Q29963	38	29	0
P50148	15	15	16
Q9BRX5	3	4	3
Q9BRX2	3	3	4
P28290	7	4	5
Q9NR28	14	6	14
Q8NFZ8	2	4	0
P34949	10	2	7
Q8IUF8	6	4	7
Q14019	45	139	57
P09104	1755	946	1613
Q8IUF1	0	3	0
Q14011	7	0	7
P28288	28	33	19
Q9NR19	13	6	16
Q6KB66	33	10	23
Q9NQP4	2	0	0
Q9NR12	38	27	31
Q8IUE6	33	45	34
Q29RF7	33	37	30
P34932	70	68	61
Q14008	59	65	48
P34931	242	145	244
Q14004	11	6	8
P52306	21	29	14
Q29940	34	46	28
Q9NR09	23	18	22
Q9H2D6	0	0	2
Q8IUD2	6	2	5
Q96GD0	0	2	0
P83436	11	9	6
Q2M2I8	21	17	13
P30566	29	11	43
Q9BRU9	2	0	0
Q96GC9	3	0	2
Q8NFW8	0	0	2
Q3MIX3	0	0	2
Q8WUY9	2	0	0
Q8IUC4	5	2	3
Q5VTU8	0	0	2
Q15797	5	0	4
Q8WUY1	20	19	23
Q15796	25	22	20
Q9BRT9	6	6	5
Q9BRT8	2	3	0
Q04206	2	4	2
Q9BRT6	2	0	3
Q9BRT3	0	6	0
Q9BRT2	0	3	0
Q8NFV4	19	14	15
Q8WUX9	7	6	3
Q8WV99	0	3	0
Q99798	52	45	31
Q99797	12	12	7
Q15785	12	9	12
Q6ZVM7	11	14	10
P08697	5	11	0
Q96SZ5	0	2	3
Q8NG68	2	0	0
Q32P51	101	65	68
Q96GA7	8	4	5
Q8NFU3	7	8	4
P18464	36	45	32
P18463	0	43	26
Q8WUW1	0	0	3
Q15773	4	0	0
Q70EL4	0	5	0
P30536	0	0	7
Q13596	36	13	22
Q96SY0	3	3	2
Q13595	2	4	0
Q9BRR8	4	3	6
P30533	6	4	6
Q9BRR6	19	5	11
Q53FA7	7	3	8
P30530	18	13	15
Q13591	2	3	0
Q32P44	3	3	4
Q32P41	12	7	8
P49593	11	17	9
P49591	35	46	36
P40306	30	8	22
P49590	5	8	3
P16278	10	9	9
Q5VTR2	4	0	3
Q13586	17	11	13
Q9BRQ8	0	0	3
Q9BS26	91	83	77
Q9BRQ6	3	8	5
P30520	34	21	21
P06493	41	28	34
P49589	45	31	34
Q9BRQ0	3	0	0
P49588	153	132	148
P51884	0	6	0
P26045	0	0	2
P49585	18	9	21
O95487	37	23	19
O95486	6	4	6
P20742	18	12	10
Q5JUX0	5	0	0
P18440	2	0	2
Q15758	8	7	9
Q96T88	2	0	5
P30519	19	18	16
Q15751	2	2	0
Q15750	4	5	4
Q9BRP8	8	6	7
Q13574	2	0	0
P30512	0	20	14
Q13573	8	7	8
P30511	18	0	0
Q13572	7	3	8
Q86UY8	0	3	3
P30510	0	17	0
Q32P28	5	8	6
P26038	43	0	0
Q5T9A4	0	7	0
Q9BRP1	4	0	4
O95476	0	3	0
Q99757	3	5	2
Q8NG31	0	0	3
Q99755	4	0	4
O95470	19	21	21
Q96T76	58	68	63
P08651	0	2	5
P30504	0	16	0
Q13564	23	17	18
Q13561	33	36	34
Q8NFQ8	17	11	17
Q9NQH7	2	0	0
O95466	0	0	2
Q99747	6	12	5
Q15738	27	7	15
Q8WV41	2	3	0
Q99741	0	2	0
P08648	7	0	6
Q96SU4	14	3	10
Q13557	5	0	0
Q96T60	16	21	21
Q13555	10	12	4
Q13554	0	0	4
Q86UW9	2	7	4
P14060	0	0	3
Q86V88	13	8	13
P51858	27	67	35
Q9UDY2	58	83	58
Q8NFP9	0	0	3
Q86V81	86	68	64
Q9NQG6	0	0	2
Q9NQG5	20	14	17
O95456	11	13	5
O95453	4	2	3
Q9UQR1	0	0	2
Q99733	31	48	41
P0CG39	40	37	42
Q96ST3	9	0	7
Q96ST2	9	3	3
Q13547	21	11	24
Q96T51	12	10	7
P0CG30	23	24	18
Q13546	6	12	6
Q7LG56	6	6	3
P06454	5	9	13
Q86UV5	2	2	0
P29992	23	20	19
P26006	102	37	48
Q96FZ7	0	8	3
Q9H1Z4	2	3	0
Q99729	43	25	31
P20700	33	60	31
Q8WUQ7	2	3	0
Q8WV24	7	3	5
Q15717	12	12	8
P61619	23	21	32
Q01581	13	12	7
Q99720	3	0	0
P16220	0	2	0
Q6VEQ5	3	2	0
P08621	13	15	16
P82979	4	7	7
Q95365	0	40	24
Q9UDW1	0	0	2
O75886	5	0	2
Q641Q2	7	20	14
Q05932	3	5	4
O75884	26	15	23
Q86UU1	4	5	2
P04264	50	59	39
O75882	5	4	3
Q86UU0	2	5	3
O75880	14	0	11
Q99717	0	0	2
Q9H1Y0	0	2	2
O95433	27	18	19
P16219	2	0	0
Q5VTL8	4	9	4
Q99715	5	6	0
Q99714	32	48	32
Q8WUP2	9	3	7
Q96T37	3	2	3
P61604	30	34	16
Q13526	23	18	9
Q8N9T8	0	3	0
Q13523	3	6	3
Q9BRK5	13	12	8
O75879	5	5	2
Q86UT6	0	3	0
P04259	12	16	11
Q9H299	82	79	123
O75874	19	19	21
P27797	1884	1854	1667
Q96FX7	12	8	16
Q99707	2	5	4
Q6UWV6	0	2	0
Q53S33	3	2	3
P39748	27	33	22
Q96SQ9	4	3	7
P0CG08	3	5	2
Q99700	9	8	10
Q9BRJ7	3	4	0
Q9BRJ6	8	11	10
Q86US8	0	2	2
Q86V48	2	2	2
P29966	42	39	39
Q13510	0	2	0
Q9BRJ2	7	9	3
P51812	8	15	10
Q9NQC3	43	35	37
Q96FW1	40	18	28
Q8IU81	16	9	11
Q6UWU2	2	0	0
Q13509	220	264	140
Q8N9R8	0	4	5
Q13505	11	5	10
Q13503	0	5	3
P51809	3	2	2
Q13501	21	24	10
P51808	7	0	0
P57105	0	5	2
Q658Y4	18	13	16
Q09028	44	49	69
Q96FV9	2	0	0
P04233	6	3	0
Q9H270	6	7	5
Q96FV2	9	9	7
Q8WUM4	59	31	45
O95400	6	14	3
Q8WUM0	40	15	33
A6NFN3	3	0	0
Q5SWX8	7	5	4
P82933	13	5	28
Q9H269	11	8	5
P06400	15	23	18
P82932	16	3	18
O75844	23	17	16
Q9H267	6	3	4
O75843	11	4	11
P82930	8	12	8
Q86V21	21	18	16
P04222	26	16	0
Q8NFJ5	24	35	12
Q9NQA3	0	2	0
P02042	5	0	0
P17987	96	70	104
P17980	46	62	37
Q86UP8	2	0	0
Q53EU6	3	0	0
Q9BRG2	0	2	0
Q9BRG1	6	15	4
P04216	2	0	3
P82921	0	0	2
Q86UP2	66	81	62
O75832	10	6	7
Q9H254	10	0	11
P33176	56	54	44
Q03701	13	22	16
Q8WUK0	0	3	0
P23396	81	50	31
Q9BRF8	9	20	12
P82912	6	4	14
Q969Z0	37	18	28
Q53ET0	4	0	0
O75822	11	17	8
O75821	50	22	32
Q96G46	7	5	4
Q8NFH5	6	3	5
Q8NFH4	9	6	2
Q96FS4	2	0	0
Q8NFH3	3	5	2
Q01518	116	95	105
Q8WUJ0	0	0	3
Q2M296	4	0	0
P23381	92	130	73
Q8N9N8	2	0	2
Q8N9N7	10	2	2
P82909	4	3	6
Q8N9N2	3	0	3
O75818	13	16	12
Q969Y2	5	3	6
O75817	0	0	2
A2RRP1	18	8	14
P58876	9	12	11
O75815	0	3	2
P80723	0	2	0
Q6UWP7	7	12	2
Q8WUI4	6	4	3
Q5VTE6	2	0	2
Q6UWP2	4	2	2
O94992	10	12	5
Q96SK2	13	16	13
Q8N9M5	0	0	2
Q969X6	11	5	9
Q969X5	11	23	8
Q96G28	0	2	0
Q96FQ6	18	17	12
Q8NFF5	7	5	9
Q93100	0	3	0
Q9H223	22	24	19
P78417	81	63	82
Q96G23	12	12	9
Q8WUH6	3	0	0
Q6UX04	9	9	7
Q8WUH2	0	2	3
P23368	32	41	22
O94985	2	0	0
Q8N9L9	0	0	3
A6NFI3	2	2	4
Q9H1P3	10	3	6
P78406	28	38	24
O94979	28	41	22
Q96SI9	0	0	6
O94973	37	49	34
P17931	26	23	23
Q86UK7	9	11	8
Q969V3	12	13	9
P27708	88	89	68
P27707	4	0	2
Q53EP0	8	8	7
Q9H204	6	0	3
Q16186	17	9	12
Q96G03	22	44	25
P33121	25	34	22
Q8WUF5	35	35	31
Q16181	80	68	86
P62081	70	38	67
O94967	2	0	0
O94966	7	6	5
Q969U7	16	22	12
Q9BRA2	11	50	12
Q9BRA0	4	0	3
P11388	14	11	8
Q9UQE7	24	32	25
P11387	34	44	28
Q8NFC6	6	4	4
Q96FN4	0	3	2
Q49A26	8	3	6
P62072	2	2	0
P62070	4	7	5
O94953	3	0	0
Q0JRZ9	5	0	0
O94952	0	3	2
P52298	9	3	0
Q969T9	3	3	0
P52294	40	33	50
P52292	34	37	37
Q5T8P6	6	5	5
Q92696	19	15	7
Q8WUD4	4	3	0
Q92692	3	0	0
Q8WUD1	7	10	6
P17900	4	5	0
Q969S9	8	11	7
Q6P2Q9	99	108	71
Q969S3	9	8	4
Q9NQ88	20	12	11
Q92688	72	24	46
Q7L9L4	0	25	0
Q5H9U9	3	4	0
Q08AM6	4	0	0
Q969R8	3	0	2
P52272	70	67	77
P13535	0	2	0
P13533	0	2	0
Q9UQB8	14	21	7
Q6P2P2	3	0	0
P34897	85	70	68
P34896	41	18	34
Q8WUB8	2	0	0
Q9H1K1	2	2	3
O94927	5	7	5
O94925	23	23	19
Q6ZV73	3	0	0
Q70E73	5	4	5
P21127	5	8	4
Q969Q0	0	6	11
Q86UF2	0	0	6
Q92667	14	0	13
Q16134	3	0	3
Q96FJ2	4	3	6
Q92665	8	5	27
Q96FJ0	0	2	0
Q8WUA4	11	14	13
O94919	4	2	4
Q8WUA2	4	3	0
O94916	3	2	2
O94915	15	8	6
Q86UE8	0	0	3
Q86UE4	14	14	11
Q8N9E0	2	0	0
Q9H1I8	23	7	16
Q9NQ55	2	2	2
Q9NQ50	5	5	5
Q96SB8	2	0	3
O94906	18	22	23
O94905	5	4	3
Q6ZUT6	7	0	0
O94903	6	4	4
Q5H9R7	19	25	22
Q96SB4	46	19	24
O94901	4	0	5
P21108	10	0	0
P46821	56	56	52
Q9H1H9	2	9	0
Q9NQ48	3	0	0
Q92643	21	5	15
Q06330	2	0	0
Q969N2	10	10	4
P11310	3	4	3
Q92633	4	0	2
P09012	6	5	5
Q6NVY1	27	23	25
Q6UWE0	9	12	5
P30498	36	45	32
Q06323	97	93	85
P30495	0	47	0
P30493	34	46	28
P30492	34	40	0
P30490	36	45	32
Q9NQ29	8	8	10
Q9NPQ8	21	20	15
Q8NEZ5	11	5	8
Q8NEZ2	0	5	0
Q92626	67	47	40
Q92625	11	11	12
Q92621	73	48	50
P09001	7	5	6
P40261	9	11	13
Q92620	2	13	5
Q969L2	0	3	2
Q86UA1	0	5	0
Q92619	2	0	4
Q9H1E3	7	21	7
Q92616	192	195	199
Q8NEY1	5	0	3
Q92615	8	8	7
Q92614	10	17	11
Q92610	5	0	0
P52209	81	81	74
P30475	0	40	24
Q08AF3	15	5	10
Q9BR76	36	55	35
Q92609	0	2	0
Q9UPZ3	2	2	3
Q92604	2	3	2
Q92600	4	9	6
Q29836	0	40	24
P30466	33	0	27
P30462	39	45	29
Q9BR61	4	0	4
Q96FC9	0	9	5
Q9UPY8	3	0	0
Q9H1C4	0	3	0
Q9UPY3	9	8	6
Q5VT66	0	2	3
P61599	4	0	0
P30459	22	28	14
P53999	23	20	17
Q15691	92	95	68
P30456	0	0	13
Q5H9L2	0	2	0
P30453	22	30	15
P53992	47	62	39
Q08AD1	3	0	0
P53990	8	3	3
Q9H1B7	10	11	13
Q9UPX8	2	2	0
P20674	22	26	16
P40227	119	71	103
P40222	7	7	5
Q8WU90	12	12	10
Q5VT52	12	4	3
P61587	3	4	0
P61586	91	46	87
Q6ZUM4	0	3	4
P16190	27	32	16
Q5H9K5	4	0	0
P30447	32	36	0
Q969H8	8	8	7
Q9BQS8	3	0	0
P53985	9	3	7
Q969H4	3	0	2
Q5JTZ9	12	17	14
Q9NPL8	0	2	0
Q9H1A7	0	7	0
Q8NEU8	4	5	4
Q9UQ88	5	8	4
Q9H1A4	9	6	6
Q8NF64	4	2	2
P16189	0	27	14
Q99685	13	11	7
Q9UQ80	61	78	45
P16188	34	34	25
Q8WTW3	9	11	15
Q15678	6	5	3
P08582	7	4	7
Q13496	4	2	3
Q9BR39	5	0	0
P08581	9	6	9
Q969G6	3	0	0
Q13492	27	32	21
Q969G5	4	3	2
Q6P2E9	27	40	21
Q13490	3	9	3
Q969G3	4	2	5
P22830	3	7	4
Q5JTY5	2	3	0
Q8WU79	2	5	4
O95396	19	23	12
O95394	28	21	34
Q8WU76	5	7	4
Q96S99	11	0	3
Q96S97	2	3	0
P08574	28	9	16
Q13488	5	2	0
Q13487	0	0	3
P08572	3	0	0
Q13485	7	8	0
P06396	84	92	60
P57088	5	7	6
Q9BQQ3	5	4	3
P20648	9	8	7
P51784	0	3	0
Q9UPU9	4	0	2
Q9NPJ6	4	0	0
P20645	5	7	6
P57081	6	3	3
Q9UPU5	5	13	9
Q99666	0	8	0
Q99661	16	14	13
Q15654	15	14	20
P30419	47	30	42
Q15650	6	0	3
P30414	3	0	0
Q969E8	7	0	0
Q9BQP7	17	10	8
Q13472	4	0	3
Q969E4	4	2	0
Q6P2C8	3	0	5
P57076	0	2	0
Q969E2	2	2	0
Q9UPT8	12	13	11
O95379	4	6	3
Q9NPI6	6	3	0
Q8NF37	30	26	30
Q9UPT5	42	81	30
Q5JTW2	0	2	0
O95373	123	51	73
O95372	22	12	15
Q99653	8	6	7
Q15648	13	7	15
Q8WTT2	4	4	4
P08559	13	14	12
Q15646	4	4	2
Q15645	52	45	46
P16152	25	50	20
Q15643	6	9	5
Q13469	8	12	8
Q15642	32	33	19
P30405	15	18	16
Q13464	8	14	10
Q5JTV8	35	17	25
Q86TX2	15	7	7
Q9NPH2	8	6	9
O95363	4	13	10
Q9NPH0	0	5	0
Q8WTS6	6	5	4
O95361	24	24	26
Q99643	3	0	0
P39687	91	66	99
Q15637	18	19	22
P16144	94	58	72
Q96S66	2	6	0
Q15633	4	0	0
Q13459	16	15	10
Q15631	20	9	24
Q13451	5	4	8
Q86U86	5	2	3
P20618	119	62	96
P49459	11	24	10
Q5JU69	3	3	0
P49458	3	4	7
P57053	9	12	0
P04183	9	11	12
Q9UQ35	51	54	41
P04181	34	31	24
Q99638	4	6	4
O95352	17	10	9
Q15629	2	0	0
Q15628	8	7	10
Q96S59	17	11	9
Q96RT8	0	3	0
Q96RT7	3	2	2
Q96S55	11	6	9
Q96S52	22	22	15
Q96RT1	24	26	25
Q13445	9	10	6
Q13443	9	6	16
Q13442	14	15	62
P04179	0	0	5
Q93096	8	10	4
Q9UPQ9	4	0	2
Q9UPQ8	8	6	0
O75792	28	14	10
O95347	42	45	49
Q9NPF4	17	22	12
P49441	4	12	5
Q5K651	15	5	11
Q99627	34	29	26
Q9UPQ0	21	32	12
O95340	24	25	23
Q01484	0	0	9
Q99623	51	63	38
Q99622	3	3	0
Q96RS6	39	25	20
Q96S44	5	3	4
Q13439	4	0	5
Q13438	0	2	0
P61513	81	11	8
Q6PL24	0	0	2
Q13435	29	30	26
Q9BQL6	14	19	9
Q86TU7	6	9	10
O75787	8	0	0
Q96EY8	5	0	10
Q96EY7	19	30	11
Q9UQ16	10	5	8
O95336	41	38	32
Q96EY4	0	2	0
Q99618	0	2	0
Q9UQ13	5	4	9
Q5VSL9	5	7	3
Q96EY1	8	7	8
Q99615	6	19	6
Q99614	12	14	14
Q99613	62	50	57
Q99611	3	0	2
P39656	97	51	64
Q8WU10	2	0	0
Q0VDF9	16	24	9
Q6PL18	3	2	0
Q13428	34	16	37
Q13427	4	4	5
Q13426	0	4	3
Q13425	3	6	4
Q9BQK8	0	0	3
Q13423	30	43	24
Q8N954	0	4	0
Q93079	9	12	11
Q93077	30	0	33
P04156	5	10	3
Q93074	0	8	3
Q9NPD8	6	0	3
P27695	66	75	51
Q9H0X4	3	0	0
P27694	30	42	20
Q9NPD3	3	2	2
P04150	22	16	10
P78386	6	7	0
Q01469	3	4	2
Q8NEM2	5	0	6
P10809	783	420	1165
P16104	33	45	34
Q96RQ3	0	2	0
Q13418	11	4	13
Q96RQ1	4	0	3
Q13416	3	0	0
Q8N8S7	19	14	12
Q6WKZ4	19	14	7
Q86TS9	2	0	0
Q86U44	7	6	2
Q9H0W9	3	2	0
P49419	57	29	41
Q9H0W8	9	9	6
Q86U42	8	18	9
Q9UPN9	3	7	7
O95319	2	0	3
Q9UPN7	31	21	22
Q9UPN6	9	4	5
Q96F86	6	15	10
Q9UPN4	2	0	0
Q6UW68	6	5	5
Q9UPN3	49	60	33
P49411	51	75	34
P78371	136	116	158
Q96S19	5	3	0
Q96RP9	28	16	13
Q0VDD8	0	2	0
Q13409	54	40	39
Q13405	2	3	2
Q13404	8	20	10
Q86U38	21	8	20
O77932	2	0	0
Q9BQI3	0	2	0
Q9H0V9	2	0	0
Q9BQI0	3	3	4
Q9NPB8	2	0	0
P49406	8	3	0
Q93052	20	21	19
Q96EV8	2	2	2
P35270	11	15	10
P78368	0	0	2
Q93050	6	7	3
Q9H173	2	3	0
Q6UW56	0	0	3
Q96EV2	6	3	3
O95302	3	5	3
P78362	6	0	4
P25490	2	0	4
P35269	18	23	30
Q86U28	0	2	0
P35268	21	39	12
Q9H0U9	4	0	0
O75746	12	16	15
Q9H0U6	2	0	2
Q96EU7	2	0	0
Q9H0U4	33	24	23
P78356	4	0	0
Q9NPA0	4	5	4
Q01433	3	2	0
Q96RN5	5	5	2
Q9BQG2	0	3	2
Q9BQG0	68	80	65
Q93034	9	13	9
P35251	18	10	16
P04114	2	7	0
P35250	8	13	10
P78347	70	73	48
P78346	15	12	12
P78345	2	0	0
P78344	57	49	42
Q5SW79	5	10	21
P35249	11	18	20
Q6P1X6	5	4	2
P35244	32	19	22
Q9H147	0	2	0
P35241	89	82	77
P35240	16	4	7
Q9H0S4	14	3	9
Q96ES6	0	0	3
P78330	11	15	7
Q96RL7	3	0	0
P23284	30	42	21
Q8N8N7	4	0	5
Q9BQE5	6	3	6
P35237	36	37	26
Q9BQE3	1494	912	1579
O75718	0	3	0
O75717	23	26	18
Q86TN4	8	4	3
Q12996	26	17	20
Q9H0R8	9	5	0
P35232	109	29	90
Q96ER9	0	4	0
Q9H0R6	2	7	0
P27635	39	36	25
Q9H0R4	2	3	0
Q9H0R1	0	0	2
P78325	0	2	3
Q96ER3	15	12	23
P17858	55	38	43
Q96RK0	3	0	0
Q93009	33	39	30
P35227	0	0	3
P13497	0	0	3
Q86TM6	3	0	6
Q93008	40	24	33
Q8NEF9	6	2	2
P35222	87	105	79
P35221	119	157	123
P56589	3	0	5
Q12982	0	5	0
P78318	5	5	4
Q12981	2	2	4
P78316	2	0	0
Q96F24	2	0	0
Q9H0Q0	11	18	8
O94888	9	10	9
B7ZAQ6	3	5	2
O94886	3	3	0
O94885	0	3	0
P25440	5	4	4
P17844	30	43	36
P13489	84	93	66
Q12979	8	5	5
Q9BQC3	6	0	4
Q12974	5	6	4
Q9H116	0	0	2
Q12972	11	4	7
Q96EP5	9	11	8
Q9H0P0	0	2	0
Q96EP0	10	15	8
P23258	38	43	37
Q6YN16	15	13	13
O94875	3	0	6
O94874	21	18	19
Q6PKG0	40	36	35
Q12968	0	0	3
P13473	5	7	5
Q12965	31	34	29
Q12962	0	3	3
P23246	48	90	36
P48960	8	3	8
P46783	34	44	34
P46782	54	56	43
P46781	23	19	22
Q12959	15	15	9
Q9BQA1	44	45	41
Q5JTH9	25	29	19
Q12955	4	5	0
Q6N069	10	4	11
Q8NEC7	6	2	5
Q96EN8	7	5	5
Q3MHD2	6	0	0
P56556	4	0	3
Q9H0N0	3	0	3
Q6N063	0	5	0
O94855	25	18	21
P46779	10	17	15
O94854	2	0	2
P46778	28	24	27
P46777	104	90	168
P17812	43	52	43
P46776	14	15	16
O94851	5	5	4
Q96RG2	2	0	2
Q86TI2	29	25	37
Q8NEB9	0	3	5
P11279	24	13	19
Q9NP97	14	16	10
Q86TI0	0	0	2
Q92599	34	26	16
Q92598	134	148	125
Q92597	11	14	10
P11274	3	3	2
Q9NP92	7	8	4
P56545	21	40	20
P23229	11	9	13
Q6UVK1	15	3	2
Q96RF0	15	0	11
Q12933	9	6	18
Q9H0L4	9	0	0
Q12931	61	95	47
P56537	124	57	152
Q96EL3	0	2	2
Q9NP81	10	14	11
Q96EL2	0	2	3
Q9NP80	5	0	5
Q7L8L6	4	7	5
Q5TDH0	3	5	0
Q6UVJ0	0	4	3
Q06278	0	0	2
O94832	3	0	0
Q86TG7	7	8	6
Q12929	8	5	6
Q9NP79	5	0	2
Q96EK9	3	0	5
Q9NP77	6	10	6
Q96EK6	11	8	7
Q96EK5	13	10	9
Q96EK4	2	0	0
Q9NP72	3	5	4
Q92576	9	0	3
Q92575	6	9	8
Q92574	4	0	5
Q92572	2	3	0
O94829	0	2	0
O94826	38	51	25
Q96RD7	0	2	0
O94822	10	13	7
Q06265	2	3	0
P36969	5	5	5
Q12913	2	0	0
Q9NP66	2	0	0
Q9NP61	4	0	3
Q08431	2	2	0
P46736	8	10	8
P46734	15	15	16
A5YKK6	50	32	42
Q6P1N9	2	2	0
P36957	27	18	17
Q12907	44	69	30
Q12906	51	33	42
P36955	0	5	0
Q12905	50	73	39
Q9NP58	2	0	0
P36954	0	0	2
Q12904	33	31	21
P36952	26	46	31
Q6P1N0	15	19	10
P11234	21	39	17
P11233	24	25	15
Q08426	5	3	3
Q92552	18	18	14
O94804	17	10	21
Q9BPZ7	0	0	2
Q6P1M3	11	4	7
Q9H0H5	8	4	10
Q6P1M0	7	8	12
Q92547	0	0	2
Q9H0H0	0	2	7
Q92544	16	20	14
Q10713	39	12	26
Q92541	6	3	5
Q6P1L8	2	0	0
Q32MZ4	22	41	14
P42356	4	15	3
P11217	39	31	35
Q92539	0	0	2
P11216	109	114	103
Q92538	54	20	51
Q92536	4	0	3
Q92530	18	21	13
Q6ZU35	2	2	0
Q86TB9	7	11	12
Q9BPX6	2	0	3
Q9BQ95	2	3	0
Q9BPX5	6	26	4
Q6P1K8	0	0	2
Q9BPX3	67	74	77
Q9H0F6	6	4	0
P42345	23	20	21
Q92526	9	0	0
Q92522	15	10	13
Q92520	7	15	6
Q70CQ3	0	0	2
Q70CQ2	0	12	4
Q9BPW8	12	5	6
Q06210	68	72	46
Q8N8A6	5	6	6
Q6P1J9	10	9	11
Q9H0E9	0	2	0
P36915	27	26	21
Q86TA1	2	0	2
Q9H0E3	0	0	2
Q9H0E2	8	2	6
Q96EE3	7	9	9
Q06203	10	12	8
Q9BQ75	2	5	3
P28074	25	23	14
P28072	40	35	65
P28070	33	55	30
Q9BQ70	11	6	7
Q96ED9	10	2	5
Q9H0D6	32	27	30
Q92508	2	3	0
Q92506	0	2	0
Q92504	20	6	14
P24941	10	7	7
Q9BQ67	12	9	7
P28066	64	42	54
P28065	25	36	17
P28062	17	22	13
Q9BQ61	8	7	10
Q9H0C8	19	17	17
P20585	6	0	6
Q8NE86	9	4	10
Q15599	8	14	10
Q9BQ52	25	14	20
Q9H0B6	12	6	9
Q96EB6	5	3	5
Q9UP95	6	2	8
Q99598	26	19	24
Q8NE71	71	65	59
Q96EB1	0	0	2
Q99595	6	4	5
Q99594	9	0	2
P40123	11	15	13
P40121	48	80	67
Q99590	0	5	0
P24928	12	3	4
Q29718	0	40	0
Q15582	0	2	0
Q9H0A8	7	7	7
Q5JSZ5	9	8	0
Q9UP83	10	6	8
Q9H0A0	19	23	17
P32519	5	3	0
Q99584	65	50	55
P16083	6	12	12
Q9BQ39	5	3	0
Q13395	16	10	8
Q13393	0	2	0
P22735	9	12	6
P51692	5	0	0
O95299	9	10	11
P12956	119	118	93
O95295	3	0	0
P12955	100	51	68
Q99575	13	20	11
O95292	17	16	14
Q99570	6	4	0
P16070	29	27	29
Q07960	20	32	20
Q9BQ24	2	0	0
Q5M775	10	13	12
Q99569	7	5	6
Q99567	12	15	25
Q6NUQ4	16	7	21
P10768	39	49	33
Q2V2M9	7	6	0
Q5C9Z4	3	3	2
Q6NUQ1	16	19	11
Q15554	3	0	2
Q07955	25	40	13
Q13371	0	2	0
P06280	2	0	0
O95274	0	0	2
P12931	9	9	7
Q96QV6	21	21	14
Q15542	5	8	3
Q6PJT7	6	8	6
A6NDU8	4	10	5
Q13363	19	27	18
Q13362	69	24	37
P51668	10	0	0
Q86SX6	9	4	3
P51665	40	26	45
P49368	93	115	93
P49366	9	11	11
Q99547	0	0	3
Q99543	8	8	6
O95260	6	5	5
Q96QU8	6	6	3
Q99541	0	2	0
Q13356	2	0	5
Q9UBY8	2	0	0
P00966	17	14	18
P51659	100	87	82
Q8N883	0	0	3
P49356	0	0	2
P04083	139	134	109
P49354	2	2	3
P04080	24	33	23
Q99538	4	0	3
Q99536	35	32	38
O95251	0	0	2
P16035	11	4	4
Q15527	4	3	0
Q15526	0	3	0
Q13347	37	71	35
P61421	5	6	4
P51649	10	10	8
Q9UBX3	13	9	10
P51648	7	8	4
O75695	5	9	5
O75694	57	81	42
P04075	872	712	964
O95249	3	4	10
O75691	10	6	12
Q6NUM9	12	17	11
P18206	149	166	144
Q8NE01	7	6	7
Q96DZ1	2	5	3
Q99523	0	2	0
Q9UBW8	10	16	8
Q9UBW7	4	2	3
O75689	15	6	13
Q13330	0	2	0
O75688	16	8	11
P06241	3	0	0
P04066	26	0	16
O75683	2	3	0
O95239	10	19	13
P04062	11	8	7
Q99519	5	9	4
O95232	8	3	10
Q96QR8	14	14	12
Q9UBV8	11	8	6
Q13325	5	3	3
Q9UBV7	0	2	0
P53801	5	6	3
Q9UBV2	20	27	18
O75676	0	0	5
P49327	266	236	213
O95229	5	2	2
P49321	49	72	45
P0C870	2	3	2
Q6NUK1	42	77	49
A4D2H0	0	0	6
Q9UBU9	9	7	7
Q9UBU8	5	0	2
Q6PK04	3	0	0
Q9UBU6	0	2	0
Q13310	86	67	59
P04049	0	2	3
Q9H089	13	19	19
O75663	7	7	8
O95219	2	0	2
O95218	2	3	4
P51610	55	40	40
P04040	15	19	18
Q13309	9	0	0
Q13308	19	15	11
Q9UBT7	2	0	0
P00918	5	4	2
Q5BKY9	0	0	2
Q9UBT2	80	108	80
Q9H078	42	26	33
Q9H074	11	8	10
O95208	2	0	0
P0C7T5	2	0	0
Q96DV4	2	5	4
P25398	34	50	22
Q5JSP0	0	0	2
O95202	18	43	15
Q96R06	5	2	2
Q9UBS8	3	3	2
Q9UBS4	12	24	13
Q9H069	2	0	0
Q03519	23	11	30
Q03518	27	18	15
Q96DU9	2	3	0
O75643	111	104	106
Q86SQ0	7	6	5
Q96DU7	2	0	2
Q9H061	5	5	7
Q9UBR2	18	11	20
Q8NDI1	5	2	2
P23193	27	32	18
Q9UBQ7	31	19	32
Q8N806	5	14	4
Q9UBQ5	8	7	13
O75629	3	0	0
P07996	117	170	117
Q5T6V5	6	4	4
P60983	10	13	8
Q9UBQ0	8	9	13
P60981	75	68	80
P04004	5	10	5
Q9UBP9	0	3	2
P15586	15	21	16
Q9UBP6	7	8	6
Q12899	8	4	6
Q9UBP0	3	0	2
Q96E39	0	0	3
Q5K4L6	2	7	4
P0C7P0	3	0	3
Q6PJI9	0	4	0
A6NDJ8	4	2	2
Q96QK1	63	56	73
O75608	13	28	17
Q76I76	2	0	0
Q12888	5	2	9
O75607	9	4	10
Q9UBN7	9	7	3
P68431	15	0	20
P60953	47	200	60
Q12874	19	30	23
P05787	805	875	739
Q12873	9	6	15
Q6P161	3	14	3
Q12872	8	0	8
P05783	2208	1645	1806
Q96E11	9	11	10
O94776	22	10	15
Q6PJG6	13	7	6
Q9UBM7	4	2	0
Q6PJG2	0	0	5
Q6P158	16	16	8
P07954	110	80	86
Q9H008	0	0	2
P07951	21	26	19
Q12860	0	2	0
P25325	5	4	4
Q66K74	15	11	13
Q08380	30	20	20
Q6ZSZ5	14	7	9
O94761	0	0	5
O94760	43	16	37
P23142	15	33	7
Q6R327	7	11	5
A6NDG6	30	26	28
P07947	8	11	13
Q9UBL3	4	2	0
P07942	34	38	32
Q5JSH3	3	2	3
Q08379	18	14	13
Q08378	7	11	10
P11182	12	7	8
Q96QG7	2	0	0
Q9UBK8	3	5	0
P68402	73	14	50
Q06190	0	0	3
P68400	79	70	49
P15531	82	62	59
Q12849	13	21	20
Q12846	6	3	3
P11177	10	15	7
Q92499	77	72	60
Q12841	2	3	0
Q96DM3	2	0	0
Q9NNX1	2	3	3
P11172	45	28	39
P17706	4	9	4
Q6DKK2	0	0	2
Q00888	3	0	2
P15529	5	0	0
Q96QF0	0	0	2
Q8N7H5	4	2	3
Q9NNW7	4	9	4
P11169	8	11	12
Q9NNW5	4	3	5
P11166	15	18	12
Q12830	3	0	0
Q08357	2	0	3
P54259	2	0	0
Q6DKJ4	19	30	19
P54252	3	2	5
Q9UBI6	3	3	2
P07919	6	10	11
Q9UBI1	0	4	2
P60903	27	12	15
P60900	46	47	43
Q12824	9	10	8
P07910	11	11	7
P36873	71	0	0
P36871	40	43	32
Q08345	0	3	0
Q96QD8	3	7	2
Q6DKI1	8	2	5
P07902	12	3	10
Q86SF2	6	8	4
P07900	1206	1098	1066
P42285	18	21	23
Q92466	7	5	3
P11142	2725	474	2544
Q96QC0	2	4	3
Q12805	17	32	16
Q12802	13	3	7
Q96DI7	19	2	6
Q12800	12	12	3
Q63ZY3	10	4	3
Q66K14	10	7	5
A0JLT2	3	2	0
Q96QB1	7	3	17
Q9UBF8	2	0	0
O76094	41	38	38
Q9UBF2	38	42	29
Q96DH6	5	0	0
Q00839	127	168	126
A3KN83	2	0	3
Q06136	3	2	0
P01344	0	4	0
Q9UBE0	55	52	49
P11117	7	3	3
Q96DG6	11	5	13
Q6ZSR9	13	6	12
Q06124	24	24	35
O76075	2	0	0
Q9UBD5	5	5	7
O76071	27	14	15
P22695	56	20	47
P22694	8	5	8
Q6EEV4	5	7	2
Q3KQV9	14	13	11
Q6ZT21	5	0	2
O76061	9	28	9
Q9UBC2	9	4	5
Q9UBC1	0	0	4
P22681	7	7	6
P32456	0	3	0
P32455	15	17	9
Q3KQU3	7	10	5
Q9UBB9	3	2	4
Q9UBB6	5	5	0
Q9UBB5	5	3	0
Q9UBB4	21	10	27
P22670	0	4	0
P42226	5	2	3
Q9UNZ2	63	40	50
A1L390	12	12	4
P01308	0	8	5
P24844	13	23	17
P30260	4	10	4
P67936	32	40	35
Q5T6F2	8	13	11
Q8NCW5	9	29	12
Q9UNY4	0	3	5
P12883	0	2	0
P12882	0	2	0
O76031	11	8	13
Q96DB5	7	3	6
Q9UNX4	14	11	11
Q9UNX3	0	12	0
Q99497	92	51	141
Q99496	5	6	0
Q9GZZ9	11	17	17
P08397	7	15	11
Q9GZZ1	18	19	16
Q96PZ2	2	3	0
O76027	13	11	9
Q96PZ0	8	6	6
O76024	15	18	8
P83111	5	5	5
P24821	21	12	14
O76021	11	9	6
O60942	4	2	0
Q9UNW1	8	8	8
A4D1P6	0	0	2
Q9GZY8	11	7	6
Q15477	24	16	19
P55957	18	23	16
Q9GZY4	2	0	0
O76015	7	2	2
Q6PIW4	2	0	2
O76014	7	2	2
Q6XQN6	94	56	71
O15541	2	0	3
Q8ND56	13	15	12
O60934	5	5	0
O95197	8	4	6
Q99471	9	15	5
Q99470	12	6	12
Q15464	0	0	2
Q07866	24	18	19
Q13287	3	0	0
Q07864	11	10	6
O76003	43	50	45
Q13283	28	35	43
P22626	84	78	77
Q05682	27	17	22
O15533	24	15	17
O15530	5	5	4
O60925	0	0	3
P51580	9	9	5
Q5JRX3	41	24	22
O60921	5	5	2
O95182	3	0	2
Q15459	24	25	20
Q99460	125	95	95
Q6PJ69	2	2	0
P61353	29	35	19
Q6PIU2	30	35	16
P51572	9	10	9
P51571	9	23	6
P51570	15	6	11
Q99459	21	27	14
O60911	5	0	2
P12830	55	61	34
Q9GZV5	5	8	0
Q96PV6	3	0	0
Q9GZV1	2	0	0
Q13268	5	3	4
Q13263	125	175	90
O60907	0	3	0
O15511	2	9	0
O95168	3	0	2
Q8ND24	3	5	0
O95166	10	7	4
Q99447	9	3	11
Q9UNS2	17	16	20
P18124	72	49	68
Q9UNS1	0	3	2
O95163	37	12	23
Q75N03	2	0	0
Q9GZU8	0	2	2
Q99442	6	3	4
Q15437	79	52	61
Q96PU8	4	0	0
Q15436	39	62	37
Q15435	13	17	9
P10644	13	4	11
Q15434	12	14	9
Q96PU5	29	35	21
Q96PU4	2	0	0
Q05655	4	3	0
O15504	6	0	6
P49257	60	47	41
P51553	16	21	11
O95159	19	10	8
Q99439	57	22	34
O95155	2	3	2
Q99436	49	45	57
P12814	485	371	371
Q5TC84	2	0	2
Q9GZT9	3	3	0
Q9GZT8	9	8	8
Q15428	11	3	11
Q9GZT6	0	3	0
Q15427	16	3	8
P10636	0	2	0
Q9GZT4	3	8	5
Q9GZT3	8	8	10
Q15424	0	3	0
P61326	10	7	11
Q13247	4	12	8
Q13243	5	3	4
Q13242	6	6	4
P29692	50	39	89
Q03468	2	0	0
P49247	3	0	8
O75592	0	2	0
Q562R1	116	55	43
Q5JS54	4	0	2
Q8ND04	7	6	5
Q9UNQ2	9	7	3
Q99426	16	12	21
O95140	8	2	10
Q15418	12	19	16
Q15417	57	33	47
Q9GZS3	15	22	13
Q9GZS1	3	3	2
Q07817	12	0	5
P10620	7	5	5
P61313	37	8	23
A6ND36	2	0	0
Q05639	2555	319	2025
Q07812	6	11	6
Q8N766	31	18	24
Q13232	2	4	0
P82675	4	8	7
O75586	4	0	0
P82673	6	7	4
Q9UNP9	8	8	10
O75582	2	0	0
O95139	0	3	2
P51532	7	6	12
P51531	6	0	9
Q8NCN5	4	4	6
Q99417	7	12	4
P10619	18	15	19
Q9GZR7	13	4	12
Q15404	12	27	17
Q9GZR2	3	2	0
Q8N6T7	0	0	2
Q8N6T3	18	41	17
P53701	10	10	12
P06132	14	14	15
P82664	0	3	0
P82663	4	4	0
O75575	2	0	0
Q8NCM8	6	0	0
Q96CX6	6	8	6
A0AVT1	119	96	91
Q9GZQ8	2	5	0
P10606	9	6	10
P41743	26	9	19
Q9GZQ3	9	3	5
A3KMH1	12	13	10
Q13217	42	59	33
Q13214	2	0	0
O75569	11	4	3
Q9UNN8	2	0	2
P82650	12	12	12
P35080	26	14	4
Q9UNN5	6	0	5
Q8NCL4	6	8	3
Q96CW5	12	6	8
Q96CW1	23	11	25
Q9GZP8	3	0	2
Q9GZP4	2	3	3
Q96Q15	3	0	5
Q9GZP1	2	0	0
Q96Q11	6	7	6
Q13206	2	3	0
Q13200	142	157	131
P00813	0	4	2
Q8N6R0	10	8	10
Q9C0I1	5	4	4
Q5T5Y3	3	3	0
Q96CV9	4	2	4
P49207	3	4	4
Q03426	8	5	4
Q9UNM6	19	55	18
O95104	2	3	4
Q96D71	8	3	0
Q96D70	0	2	0
Q96Q07	0	0	3
Q96Q05	2	4	4
Q9NZZ3	15	38	12
P31949	1122	276	1048
P31948	67	65	76
P31947	146	68	143
P31946	312	271	304
P31943	127	113	83
P31942	6	11	13
Q96CU9	5	3	4
Q9UNL2	3	0	6
Q9GZN8	6	2	5
Q7Z7L1	22	17	14
P31939	81	82	93
Q14999	2	2	3
P31937	41	22	33
P37235	14	12	9
Q14997	37	21	28
P68371	1345	1306	1132
P31930	30	41	29
O75534	21	17	12
P60891	19	17	21
O75533	58	57	58
P35052	2	2	3
Q03405	3	7	2
Q96CT7	3	2	0
O75531	18	23	14
O75530	3	4	0
Q3YEC7	19	15	15
Q96D53	0	2	0
Q9UNK0	2	2	2
Q5TC12	2	0	0
Q9GZM5	9	8	8
P17676	0	3	2
Q9GZM3	0	7	4
P68366	1846	1622	1871
P68363	2132	1730	2111
O75528	2	2	2
Q14980	8	8	10
O75526	0	3	0
P27448	6	6	5
O75521	16	18	5
Q96D46	4	8	11
Q96CS3	60	27	39
Q96CS2	4	5	0
Q9GZL7	7	9	6
Q9NZW5	25	7	12
P17661	0	2	0
Q6PIJ6	3	0	0
Q14978	13	14	11
Q9C0E8	0	3	0
Q14974	251	204	195
Q9C0E2	9	8	4
Q12797	24	13	24
Q8NCG7	14	4	7
Q12792	13	12	17
Q9UNI6	5	8	2
P19838	6	6	5
Q96PK6	22	15	19
P17655	295	188	438
Q9NZV1	10	8	0
Q9C0D9	4	0	0
Q14966	10	9	6
Q9C0D5	2	2	0
O75509	7	4	3
P60866	9	26	16
Q12789	12	9	17
Q12788	7	7	6
Q8N6M0	3	5	2
O75506	8	7	14
Q5T653	6	3	8
Q9UNH7	14	16	11
Q8NCF5	2	4	3
P56385	8	4	5
P19823	16	32	10
Q7Z7H8	10	8	16
P56381	0	0	2
Q7Z7H5	16	13	7
Q9C0C9	6	6	5
Q9C0C2	31	37	22
P13284	18	20	15
Q12774	3	0	5
P80404	8	9	7
Q96CP2	2	2	2
Q9NZT2	12	20	15
P07858	26	20	15
Q9C0B5	6	8	3
Q12769	60	53	57
Q12768	16	14	10
Q9C0B1	10	7	4
Q9C0B0	3	4	0
P58546	4	7	6
P60842	511	226	529
Q12765	53	57	31
Q8NCD3	2	0	0
Q9UNF1	5	2	2
Q9UNF0	11	10	12
Q7Z7F7	0	2	0
Q6L8Q7	9	10	10
Q12756	0	0	4
C4AMC7	3	2	0
Q96CN9	2	2	0
Q9UNE7	10	9	8
Q96CN7	0	6	2
Q8NCC3	3	0	2
Q96CN4	0	2	0
Q02978	38	20	28
Q7Z7E8	6	2	5
Q10570	10	2	4
Q3SY69	2	0	0
Q00796	21	27	13
Q9NZR1	0	0	3
P17612	13	11	10
Q96CM8	16	29	9
Q10567	127	68	115
A0AVI2	0	0	4
P25205	67	81	57
Q9NZQ7	0	6	2
Q14919	4	6	3
A6NCE7	2	5	0
Q8N6H7	12	17	7
Q14914	46	50	44
Q8NCA5	20	18	17
P48739	15	8	12
Q08257	12	17	15
Q7Z7C8	11	4	5
P48735	19	19	20
Q02952	40	68	37
Q96PE3	3	0	4
P07814	190	231	167
P36776	57	122	60
P11055	0	2	0
P48729	24	26	20
O43933	0	2	0
P48723	0	0	3
Q00765	8	7	11
P15408	0	0	2
Q6ZRV2	24	23	28
P11047	23	16	18
O43929	5	4	4
Q9NZN8	9	10	6
P54136	79	65	61
Q9NZN5	3	0	2
Q9NZN4	18	15	12
O43920	2	2	0
Q9NZN3	0	16	0
P54132	2	0	0
Q6Y288	7	0	3
P38936	3	4	2
P46531	4	2	0
P38935	0	0	3
O43913	7	0	0
Q5UIP0	5	9	7
Q9NZM3	15	16	8
Q9NZM1	175	162	136
P42167	47	66	43
P42166	54	66	49
P11021	3817	2509	2812
Q9NZL9	13	16	13
Q08211	78	103	66
Q9NZL4	34	44	34
Q6ZRS2	0	0	2
P38919	66	68	55
Q5JRA6	17	15	4
P67870	56	25	59
Q08209	26	38	26
P54105	13	5	12
Q8NBZ7	6	3	0
Q96CF2	6	0	3
Q8NBZ0	0	0	3
Q5TBB1	6	4	4
Q9NZJ7	15	14	16
A4D161	0	2	0
Q5J8M3	4	0	0
Q6ZRQ5	0	0	3
Q9NZJ0	3	5	2
Q3SXM5	2	2	0
O15498	22	13	12
Q5BJH7	2	3	0
O60888	28	20	21
O60885	13	0	5
O60884	52	102	46
Q6NSW5	3	0	2
Q9NZI8	19	16	12
Q6ZRP7	24	12	13
Q6ZS17	8	3	3
Q3LXA3	7	5	4
P24752	16	20	12
P22570	13	18	11
P42126	26	17	21
Q9UMZ2	8	5	6
Q96CD2	0	0	3
Q8NBX0	23	8	20
Q7Z6Z7	109	87	79
P55884	106	142	105
O60869	5	3	11
Q96CC6	0	2	0
Q9UMY4	19	18	12
P18085	113	57	96
P18084	15	15	6
Q9UMY1	5	0	2
Q15398	6	10	0
Q15397	9	12	11
Q15393	60	56	47
Q15392	18	9	23
P30154	33	34	32
P30153	107	101	71
A0FGR8	23	28	25
Q96CB8	0	2	0
O15460	15	8	11
Q9UMX5	3	3	0
P18077	10	10	24
P18074	12	12	9
Q9UMX0	36	39	29
P10599	267	15	133
Q15388	2	2	0
Q15386	13	19	12
P61289	16	20	20
P32322	9	8	8
Q15382	3	4	2
P32321	9	11	10
P32320	19	17	15
P53680	4	5	2
Q9C040	2	0	0
P67812	3	6	0
Q5BJD5	8	0	5
Q9UN86	24	52	21
Q8NBU5	7	9	7
P18065	0	2	0
O60841	80	79	91
P10589	3	0	0
P10588	0	4	0
P10586	4	2	2
P55854	10	16	6
Q15370	31	20	19
P53677	0	2	0
P67809	36	67	46
Q13190	12	6	13
O15446	14	14	6
P43897	6	8	3
Q8NC56	10	10	15
O60832	10	2	4
Q8NBT2	5	8	8
O60831	3	3	0
Q8NC51	64	56	54
O60830	4	2	0
Q15369	28	14	9
Q9NZD8	2	0	2
Q15366	61	29	39
Q15365	129	82	158
Q15363	16	12	18
Q9NZD2	4	5	3
Q6PI78	4	0	0
Q13188	16	12	13
Q13185	19	41	19
P22528	0	0	2
P14927	5	7	5
P49189	26	37	25
Q8NBS9	56	65	50
O60828	2	0	5
O60826	6	10	7
P14923	56	69	51
O60825	10	18	4
P49184	0	0	2
P20340	7	2	0
Q9NZC9	2	0	0
O95081	4	0	0
P61254	10	12	11
Q13177	52	25	55
O15427	3	0	0
P20339	11	8	5
Q8NBR6	6	0	0
O60814	9	12	11
O95071	15	15	7
P18031	32	37	22
O95070	3	0	0
Q15345	3	0	2
P61247	72	57	63
Q9NZB2	45	34	31
Q96P70	63	59	57
Q13162	9	15	3
Q9C005	23	12	14
P30101	461	237	270
Q9C004	2	3	0
Q9C002	13	9	5
Q71UM5	2	5	0
A0AV96	10	6	6
Q9UMS4	40	32	29
Q9UMS0	4	6	2
Q15334	27	17	17
Q6PI48	8	8	9
Q9NZA1	0	3	0
Q13158	4	5	4
P08243	36	37	34
Q13155	46	33	51
P08240	31	47	30
P53634	5	0	0
Q8N684	27	25	22
Q13151	10	17	11
Q6S8J3	0	0	2484
Q9UN37	4	6	6
O95059	2	5	0
P51452	10	11	6
Q9UN36	3	10	4
O15400	2	3	4
Q9UMR2	18	14	20
Q7Z739	11	15	9
P55809	59	63	47
P08238	1222	1111	1208
P08237	15	20	9
Q15323	0	2	0
P08236	2	0	2
P08235	0	2	0
P61225	0	3	4
Q13148	54	37	44
P37198	17	11	12
P61224	0	23	13
P61221	44	31	55
Q13144	5	4	5
P29597	0	2	0
P53621	130	75	106
P00751	0	0	3
O75494	4	0	0
P29590	13	9	23
Q96BZ8	3	5	3
Q96P48	2	0	2
Q96P47	2	2	0
Q15311	0	0	4
P53618	83	69	55
Q13136	4	4	6
Q8N668	5	2	5
P00749	2	4	0
Q13133	2	0	2
P00747	4	3	0
Q13131	16	11	11
O75489	23	8	18
Q6Y1H2	4	3	6
P53611	2	0	0
O75487	0	2	2
Q9UN19	3	7	4
P49137	5	0	6
Q8NBN7	7	8	8
Q96BY7	3	0	3
Q8NBN3	4	8	2
Q7L5Y9	2	0	2
P10515	15	14	11
P53609	2	0	0
P61204	157	83	135
Q13126	24	27	12
P61201	28	35	35
Q13123	5	7	2
P53602	20	10	12
Q7LBR1	0	0	2
P00734	6	9	4
Q71UI9	34	44	31
O75477	3	7	3
O75475	7	16	13
Q01167	3	0	0
Q96C90	26	43	20
P19793	5	0	2
Q05519	7	8	11
Q13112	0	0	3
Q05513	0	2	0
Q96BW9	2	2	0
Q96C86	39	13	42
Q6NSJ5	4	2	3
Q8NBL1	5	2	6
P19784	25	37	18
Q6NSJ2	2	0	0
Q96P16	9	0	7
P62995	5	0	4
Q13107	8	15	6
Q96P11	9	0	6
P62993	8	8	7
P29558	3	0	4
O14981	29	18	15
O14980	138	110	106
Q7Z6M1	3	3	2
O75448	2	2	0
Q4G176	0	5	0
O75446	4	6	0
Q8NBJ7	17	2	12
O14979	26	30	23
Q8NBJ5	15	13	16
Q8NBJ4	6	8	4
O14976	11	10	7
O14975	4	2	6
P27361	18	24	22
O14974	14	24	10
O14972	5	6	0
Q9NYY8	3	0	0
Q01130	2	4	0
P62979	42	41	37
A8MQ03	3	2	7
Q147X3	0	2	0
O75439	17	21	12
O75438	0	2	2
O75436	24	34	19
O75431	13	13	10
Q8NBI5	8	7	4
O14965	3	0	0
O14964	14	7	10
Q7Z6K5	3	0	0
Q7Z6K3	0	3	0
P09972	37	84	31
O75427	5	6	9
P27348	177	206	249
O75420	0	2	3
O14950	40	67	37
Q7Z6J0	0	4	0
Q8N5N7	4	5	7
P09960	39	32	36
Q4G148	2	3	0
O14949	10	6	13
Q96C36	15	7	7
O75410	7	2	5
Q96BR5	3	0	0
P50995	13	18	13
Q01105	525	88	383
P50991	93	80	72
Q9NYV6	4	2	0
P50990	92	52	67
Q9NYV4	9	6	8
P37108	7	7	10
P62942	43	16	26
P15374	19	24	25
Q8N5M4	5	9	4
Q5T4T6	0	2	0
Q8N5M1	3	5	0
Q8NBF6	0	2	0
O75400	10	12	9
O14936	6	3	3
Q8NBF2	28	32	28
Q96C23	3	0	2
Q2VIR3	62	0	55
O14933	12	3	13
O43896	3	4	0
P56282	5	4	0
Q9NZ63	4	3	6
Q9NYU2	93	85	69
P62937	253	209	159
Q8N5L8	2	2	2
Q5T4S7	107	120	99
Q96C19	16	7	8
O14929	13	4	10
P80303	17	37	16
O14925	12	2	11
Q96BP3	6	8	6
Q2VIQ3	0	0	3
O14920	2	0	2
P56270	0	0	3
P17535	2	0	0
Q9NZ52	5	3	5
Q9NYT0	12	19	13
P09936	179	147	184
Q14847	82	23	121
Q8N5K1	19	6	6
Q5ST30	0	0	2
Q9BZZ5	27	45	33
Q96C01	8	7	6
P48668	12	16	11
O14910	18	0	0
Q9NZ43	0	0	2
P62917	51	40	38
Q14839	60	58	58
P62913	45	9	42
P62910	16	13	11
P07741	31	48	29
Q96BN8	19	25	19
O14908	38	41	40
O14907	4	4	3
Q02878	60	57	47
Q7L5N7	10	7	9
Q7Z6E9	0	0	2
Q10471	34	17	29
O43865	13	9	10
Q7L5N1	20	25	20
Q08170	0	5	9
P48651	2	4	2
Q9NZ32	18	12	15
P62906	29	49	37
P09914	4	2	2
P09913	8	4	11
P07738	16	17	10
P07737	181	166	107
Q8N5I2	5	0	4
Q4G0N4	5	4	2
Q96BM9	9	0	6
P05556	84	76	67
Q10469	6	6	3
O00764	56	48	35
O00762	15	16	11
Q9BZX2	5	2	9
O43852	81	100	69
P48643	126	197	102
Q00688	59	24	42
A8CG34	10	10	3
Q8N5H3	0	0	3
Q5JQF8	4	0	5
O00754	20	7	9
P05543	2	0	3
O43847	23	7	15
P48637	18	21	18
P48634	30	19	20
Q7L5L3	2	0	0
P46459	30	24	19
Q14807	9	7	4
P60709	3074	3187	3280
P15311	163	137	142
O00748	2	0	0
O00743	36	22	29
P05534	32	36	0
Q9BZV1	3	4	3
O43837	23	17	18
Q9NZ09	5	8	5
Q9NZ08	31	25	30
Q7Z6B7	7	7	3
Q7RTV0	0	2	0
Q9NZ01	17	15	16
Q8N5F7	4	3	0
Q96BJ8	3	9	4
Q96BJ3	4	5	5
P50914	21	23	17
P56211	4	5	4
P26885	32	13	17
O43823	10	9	4
Q00653	14	12	13
Q7LBC6	8	11	8
Q4G0J3	5	5	4
A6NNZ2	88	107	59
O43818	11	11	10
Q9NYM9	2	0	0
O43815	10	4	9
O43813	23	7	15
O43809	26	36	26
Q5W0Z9	0	2	0
Q02818	32	43	30
Q96BH1	0	0	4
Q9NYL9	35	51	29
Q7RTS7	0	4	0
Q9NYL2	0	0	2
Q8N5C6	9	0	12
P36639	7	6	4
P67775	61	49	76
Q5SSJ5	21	9	14
Q02809	23	7	16
Q9NYK5	5	3	3
Q76FK4	0	2	0
Q9BZQ8	25	18	13
P24666	19	24	12
P30086	51	37	41
P30085	30	40	24
Q00613	4	2	4
P30084	44	27	26
Q8N5A5	5	0	2
Q00610	748	407	807
O15397	12	5	7
Q4G0F5	0	2	0
O60784	12	16	11
O60783	0	0	2
Q7RTP6	3	0	0
P01116	0	13	12
P55795	29	37	26
P01112	11	11	12
P01111	10	11	12
O15382	13	14	17
O15381	6	5	5
P42025	25	22	25
Q9ULZ3	20	12	12
P20290	48	39	42
P12694	7	7	2
Q8NB90	6	9	8
Q7L5D6	10	5	4
P55789	3	0	0
Q5W0V3	5	0	5
P55786	119	140	90
O15379	5	4	2
P14868	29	34	38
P14866	115	161	85
O15372	50	8	19
O15371	46	57	25
O60763	54	75	46
O60762	14	9	8
Q4KMQ2	5	8	3
Q4KMQ1	4	0	0
Q5W0U4	0	2	0
Q15293	76	80	43
Q15291	3	4	2
P69905	13	14	6
P53597	29	15	21
P30050	18	17	19
P14859	2	0	0
Q6RW13	4	2	0
Q71U36	1698	1339	0
Q9ULX9	5	0	0
P14854	14	16	12
Q9ULX6	5	0	3
Q4KMP7	4	12	5
Q8NAV1	0	2	0
Q9NYF8	10	8	17
P55769	19	10	10
Q15287	0	0	5
Q15286	5	7	3
P30049	16	11	36
P08195	84	79	70
P30048	48	50	49
P30046	34	23	20
P30044	23	41	24
P30043	35	6	29
P30042	13	20	6
P30041	108	95	98
P30040	33	30	21
P53582	15	13	11
O15357	3	5	3
P45985	13	5	5
O15355	37	22	20
P45984	4	4	3
Q6VMQ6	3	0	0
O60749	21	11	12
P45983	3	4	2
Q9BZL6	15	7	7
Q6VN20	5	2	4
Q9BZL4	0	2	0
Q9ULW3	3	3	5
Q9ULW0	4	5	2
Q96NY7	0	3	0
Q15276	4	6	6
P30038	6	9	6
Q13099	2	0	0
Q13098	53	43	39
O15347	28	20	16
P51398	5	5	8
P51397	19	5	22
P45974	66	85	75
O15344	0	3	3
P45973	15	28	14
Q9BZK7	11	13	11
Q9ULV4	18	40	10
Q9ULV3	3	0	2
Q8NB50	0	0	2
A1L0T0	39	41	47
Q15269	9	4	5
Q07666	19	28	17
P08174	3	0	0
P61163	30	27	38
Q13085	5	8	7
P61160	90	46	137
Q13084	11	12	7
Q5RKV6	15	16	13
P20248	0	0	4
Q8NB46	0	0	2
O60725	2	0	0
Q9ULU4	8	4	5
Q9BZJ0	3	3	2
Q15257	44	34	34
P61158	65	132	38
P55735	6	9	9
O15327	13	4	7
P45954	5	0	2
Q9ULT8	17	11	9
Q8NB37	6	0	0
O15321	9	0	5
O60716	145	134	136
Q9BZI7	0	0	2
O15320	7	13	4
Q9UM54	10	3	8
Q9ULT0	3	0	0
Q9NYB9	5	4	2
Q5W111	5	7	2
P33993	48	40	35
Q9NYB0	3	6	0
P33992	38	40	30
P33991	46	63	51
Q05469	0	0	2
Q8N4X5	11	12	5
P49069	4	2	0
Q9BZH6	15	9	18
O60701	55	39	45
Q15238	3	5	2
P63313	2	8	5
Q15233	74	115	74
P0CB43	17	11	18
Q13057	33	16	24
P33981	4	3	4
Q8N584	5	3	0
O15305	7	2	11
Q9BZG8	4	0	3
Q14CX7	13	17	9
Q9BZG1	6	0	0
Q9ULR0	6	2	3
Q9H9T3	6	5	5
P08138	2	2	3
Q13049	12	7	7
P08134	83	53	70
P08133	48	59	31
Q96NT0	9	4	5
Q13045	64	55	76
Q13043	6	11	7
Q13042	4	0	0
Q8N4V1	5	5	0
O75396	9	8	14
Q9BZF9	10	8	5
O75391	7	6	3
O75390	76	45	61
Q9BZF1	16	10	10
Q9ULQ0	4	0	0
P41567	14	32	10
Q01085	16	16	16
Q01082	205	182	183
Q01081	12	0	10
Q9H9S3	10	0	0
Q07617	6	0	7
Q13033	14	26	10
Q9Y6Y8	25	8	18
Q9ULP9	6	8	2
Q9BZE9	21	10	19
O75381	23	23	16
O75380	5	4	3
Q9Y6Y0	11	15	11
Q03252	25	32	22
Q9BZE4	10	0	6
Q9UM13	2	2	0
Q96AY3	4	7	3
Q9BZE1	13	11	9
Q15208	10	7	6
P10412	32	36	49
P61106	26	31	23
Q6PGP7	17	20	14
Q8N556	11	4	3
Q9Y6X9	3	0	2
O75376	4	2	4
Q9Y6X5	8	8	6
Q9Y6X4	2	2	0
Q9Y6X3	2	0	0
Q96B97	6	4	6
P49023	39	26	44
Q9BZD4	2	0	0
Q96AX1	14	4	9
Q9UM00	6	6	6
Q5TA50	2	0	0
Q9H9Q2	3	2	7
P02808	0	6	0
P08107	974	467	843
Q13017	7	7	11
Q13011	12	8	5
O75369	949	708	1073
Q8N543	10	13	7
O75367	5	17	7
Q9Y6W5	3	5	3
Q9Y6W3	0	2	0
O14896	4	4	4
Q5TA45	2	3	2
O14893	0	4	0
P21980	1307	459	1443
Q9H9P8	3	6	5
P62899	46	14	24
P31751	9	4	4
Q6QNY1	8	8	4
Q8N531	2	5	3
Q6QNY0	4	0	0
O75352	7	5	8
P49006	9	6	6
O75351	18	18	20
P49005	9	12	9
Q08J23	64	86	58
P25098	0	3	0
Q96B70	4	0	0
Q7L576	34	30	33
O14880	13	8	14
P62888	40	38	15
O75348	0	2	3
O75347	10	19	7
Q8N4Q1	0	6	0
O14879	11	14	12
O75340	16	21	12
Q9ULL5	3	5	0
P21964	13	10	11
O14874	6	9	5
Q7Z5L9	17	23	15
P62879	47	36	33
P17480	12	7	9
P39210	2	4	4
P09884	8	6	3
P0DI82	2	0	0
P0DI81	2	0	0
P62873	36	43	32
Q8N4P3	0	0	4
Q14790	10	7	9
Q96AT9	9	0	14
Q9ULK4	2	2	3
Q96B54	2	2	0
P21953	4	6	5
Q96AT1	2	3	3
Q9NY93	8	4	7
Q7Z5K2	5	8	2
Q14789	22	17	7
P09874	113	107	104
P62861	6	0	6
P15291	5	24	8
O75323	7	3	7
Q9ULJ3	3	4	0
Q9NXW9	0	5	0
Q9NXW2	13	5	8
P62857	4	4	4
P62854	11	7	12
P62851	7	10	9
P07686	26	30	21
Q8N4N3	2	0	0
O75312	6	2	4
P50897	7	4	3
P50895	20	22	20
P19634	5	0	2
P56192	104	79	96
Q9NXV2	0	0	2
P62847	36	43	24
Q14767	3	4	0
P62841	42	54	52
Q14764	24	16	15
O75306	9	7	6
Q9Y6Q5	13	11	8
P29401	176	126	133
P29400	0	0	2
P60660	26	43	20
P80217	4	7	0
Q9ULH7	2	0	0
P21926	9	14	14
Q96B26	4	7	9
Q96AQ6	2	0	0
Q96B23	0	0	4
Q9ULH1	15	9	8
Q8NAF0	0	0	3
P19623	21	14	22
P56182	2	6	5
O43795	80	73	60
Q7L523	10	6	5
Q9NY65	1176	1034	0
O43790	0	0	12
Q9H9J2	12	8	6
P62837	18	16	13
Q9NY61	4	2	0
P62834	13	13	0
Q5T447	3	4	3
Q5T440	7	8	11
O14828	13	17	8
P21912	10	9	11
Q9ULG1	0	0	3
Q7Z5G4	2	0	0
P62829	20	14	13
Q02790	79	68	49
P62826	62	38	43
Q14746	24	15	13
P62820	24	20	18
P13073	11	9	9
O14818	48	64	46
O43776	51	40	58
Q9H9H4	8	6	2
Q9NXS2	10	6	8
Q14739	4	8	16
Q14738	78	52	61
Q9Y6N6	0	0	3
Q9Y6N5	12	18	13
Q5JPH6	12	7	4
Q9Y6N1	8	3	4
O43768	13	9	12
O14802	8	5	0
O43765	11	7	11
P48556	19	9	18
P50851	29	21	23
Q9NXR7	6	5	4
P46379	47	66	38
Q9NY33	51	37	35
P62807	9	12	11
Q9NXR1	0	4	0
P62805	8	11	10
P68104	2650	480	2163
Q9Y6M9	5	2	3
Q9Y6M5	4	0	2
P13051	3	4	3
Q9BYX7	92	0	0
P05455	60	57	57
Q9Y6M1	14	11	11
P05452	0	2	2
Q9BYX2	3	6	4
Q9ULD0	0	0	12
Q04941	0	0	2
Q9H9F9	4	3	0
Q9NY27	0	11	2
O43752	5	0	0
Q00587	0	2	0
Q8N4H5	0	2	0
Q9ULC4	35	30	19
Q9ULC3	4	5	4
P56134	6	3	2
O43747	52	40	34
Q96NE9	4	5	2
O43741	4	0	2
Q9H9E3	12	7	15
Q00577	7	6	3
Q02750	22	19	12
Q9Y6K9	3	2	0
P36578	63	73	77
P60604	2	3	2
P60602	2	2	0
Q9Y6K5	18	12	16
Q5JPE7	39	36	39
Q9BYV8	4	0	2
Q9Y6K0	0	6	3
Q08043	0	0	83
Q96ND0	0	2	0
Q9Y6J9	4	0	4
P07602	53	29	69
Q96AJ9	2	0	0
O00635	2	4	2
Q04917	83	70	67
Q6GQQ9	2	0	0
Q04912	9	8	11
Q9ULA0	35	30	23
Q9H9C1	3	5	3
Q96NC0	3	0	0
Q9Y6I9	4	0	0
O00629	55	40	42
Q71SY5	11	4	13
Q9Y6I3	6	8	11
Q9BYT8	15	14	10
P13010	305	299	233
P36551	7	18	9
Q56VL3	14	14	17
O00622	32	21	26
P05412	2	0	0
O43719	9	18	13
P48509	8	3	10
P48507	21	12	27
Q04900	0	0	2
P48506	17	29	13
Q9H9B4	39	39	26
Q9H9B1	4	0	5
P36543	19	28	16
P36542	23	14	20
Q9Y6H1	0	4	5
O43709	4	7	4
O43708	8	0	5
O43707	574	548	397
Q9H9A6	5	8	7
Q9H9A5	4	2	0
Q00537	0	0	2
Q00536	0	3	0
Q00535	16	4	9
P16989	31	34	27
Q8N4C8	6	8	8
Q9Y6G9	26	21	15
Q5T3J3	3	2	0
Q96AG4	43	68	38
P69849	39	0	39
P01034	3	10	2
P01031	2	3	2
P22392	84	64	67
Q9BZ29	27	17	17
Q9BZ23	0	2	0
P85037	11	7	8
P01024	40	43	25
P01023	11	20	7
Q6SPF0	3	0	0
O15294	42	35	39
Q9Y6E2	17	16	16
Q96AE7	0	0	2
O60684	67	62	77
Q9Y6E0	26	32	27
Q96AE4	38	31	31
Q9Y6D9	6	2	2
P36507	18	23	19
Q9Y6D6	10	6	6
Q9Y6D5	23	20	17
O60678	2	0	0
Q96AD5	4	0	0
O60671	0	2	0
Q9UKZ1	5	8	0
Q9NXH9	10	13	9
Q9NXH8	6	3	3
P01008	8	20	4
P16949	25	22	29
Q9Y6C9	12	22	11
Q9UKY7	29	35	24
Q9BYN8	5	5	4
O15270	19	13	13
O60664	43	50	46
P63279	23	18	20
Q96AC1	6	12	7
Q9BYN0	2	0	0
P63272	4	2	2
P24539	16	18	16
Q9NXG2	9	14	13
P24534	120	82	102
O15269	32	22	36
Q9Y6B7	6	0	0
Q5SRE5	23	19	18
Q9Y6B6	18	22	18
P16930	13	12	14
O15264	20	17	16
O60658	0	2	0
Q9UKX7	13	19	11
Q9BYM8	0	3	2
O15260	12	12	6
Q9UKX3	0	2	0
Q9UKX2	0	2	0
Q96AB3	40	46	37
P63267	0	106	0
P61088	41	48	30
Q15185	19	25	15
P63261	3074	3188	0
P61086	25	22	18
P32121	0	0	2
Q9NXF1	26	33	22
Q15181	80	74	46
P02795	6	9	23
Q31612	25	36	22
P02794	3	4	2
P61081	28	16	27
P02790	5	5	0
Q9Y6A9	2	4	2
Q9Y6A5	12	4	18
O15254	2	0	3
Q9Y6A4	5	5	4
Q5SRD1	0	2	0
P45880	71	61	41
O60645	22	28	19
O60641	0	0	3
P32119	80	69	53
Q9H8Y8	26	46	32
Q9H8Y5	3	5	3
Q9NXE4	13	15	7
P61077	18	16	13
P02788	4	12	9
P02787	54	69	32
P02786	76	146	72
Q7Z4W1	21	18	14
Q05397	18	9	14
P45877	0	4	3
P14735	23	16	21
Q9UKV8	5	7	5
Q9BYK8	16	7	7
Q9UKV3	12	10	8
Q2T9J0	7	12	8
P63244	142	88	97
Q7Z4V5	4	11	18
Q15165	23	10	14
P63241	1782	328	1571
Q96MX6	3	0	0
Q9H993	18	13	12
P02774	13	44	8
P02771	13	20	0
O15235	2	4	3
O15234	3	0	0
Q9BYJ9	14	17	15
Q9UKU7	0	0	2
O15231	32	22	19
O15230	80	84	72
P43686	63	88	60
Q9UL63	4	3	0
Q7Z569	2	0	2
Q9H8W4	3	2	2
Q9NXC5	5	3	4
Q15154	9	6	8
P02768	120	222	129
Q96MW5	11	7	8
P02765	8	17	11
Q96MW1	2	3	0
P02760	0	2	0
O15228	3	6	0
P22314	215	191	200
O15226	0	0	2
O60613	11	13	10
Q9BYI3	2	2	0
O60610	86	94	89
P12532	26	4	23
Q15149	413	419	346
Q9H977	0	2	0
Q9H974	5	2	3
Q9H8V3	0	2	6
P63220	17	18	9
P02753	0	0	3
P02751	151	165	100
P22307	13	10	7
Q8N490	9	12	5
O15212	0	0	5
Q6ISB3	4	4	5
Q9UL46	86	79	70
Q9UKS6	17	14	9
P63218	0	0	2
Q9NXA8	3	0	0
Q7Z4S6	0	0	4
Q96N67	7	3	5
Q96MU7	0	0	2
P02749	3	3	0
Q96N66	7	8	8
P02748	0	2	0
P08047	0	3	0
P04920	5	2	2
Q96N64	2	0	0
P00568	27	24	26
Q9UKR5	3	0	2
Q9BYG5	8	2	5
Q9BYG3	4	4	6
P63208	27	45	37
Q15126	2	9	2
P61026	8	10	8
Q9H8T0	0	0	2
P61024	5	0	3
Q15121	32	7	27
P00558	209	266	176
P61020	12	11	8
P53420	0	0	2
Q03169	19	19	24
Q9Y5Z4	0	4	2
Q9UL26	3	2	3
Q14C86	77	61	55
Q9UL25	17	17	12
Q03164	5	0	0
Q9H8S9	22	25	21
P61019	13	17	10
P61018	3	0	0
Q7Z4Q2	19	6	7
P31689	44	39	34
P61011	25	28	22
Q8N3U4	41	48	25
Q9Y5Y6	5	8	4
Q9UL18	4	0	0
Q9Y5Y2	21	18	11
Q9UL15	10	20	13
Q03154	12	10	10
Q9H939	6	2	2
Q9H936	23	21	15
P10316	19	23	0
P61009	6	3	0
P10314	22	28	14
P61006	0	4	8
Q15102	24	8	50
P00533	72	80	38
Q9Y697	14	5	8
P29373	9	9	8
Q9Y696	19	35	14
P29372	0	0	2
P80188	15	18	9
Q9Y5X3	13	4	9
Q9Y5X2	11	8	5
Q9Y5X1	5	4	5
Q9BYD6	8	10	8
Q9UL03	3	0	0
Q9BYD3	15	10	11
Q9UL01	5	0	3
Q9BYD2	11	5	2
Q9BYD1	5	3	4
P10301	15	10	6
Q9UKN8	18	20	11
Q9BYC9	0	4	2
Q03135	8	23	11
Q9BYC5	10	4	9
O14795	0	0	2
Q9H910	8	5	5
Q8N3R9	8	7	5
Q16891	70	60	61
P00519	3	3	0
Q9Y679	4	4	2
Q9Y678	122	77	95
P29353	16	4	16
Q9Y676	19	14	9
Q9UKM9	3	10	0
P29350	0	0	3
Q5D0E6	0	2	0
Q9Y673	9	7	6
Q9UKM7	16	6	6
O75251	11	14	11
O14787	60	30	51
Q96A72	10	7	11
Q53LP3	4	5	0
O14782	0	0	2
Q9NWZ5	3	0	3
Q9H900	4	0	8
Q16881	80	82	69
P00505	68	35	72
Q9Y5U8	6	0	3
Q9Y666	0	2	0
Q9Y5U2	2	0	0
Q03113	0	2	2
Q96A65	37	11	27
O14777	4	6	4
O14776	8	4	12
Q9UKL0	3	0	0
O14773	6	8	13
Q6YHU6	8	5	5
Q9NWY4	5	4	3
Q16875	0	0	3
Q14699	3	2	0
Q14697	313	183	336
Q14696	8	13	10
Q14694	16	11	14
Q8N3P4	0	2	0
Q14692	9	4	3
Q14691	4	2	2
Q9Y657	7	4	3
Q14690	13	14	6
Q9Y5T5	8	13	12
Q9UKK9	12	12	4
Q9Y5T4	0	0	4
Q5T2W1	4	0	0
Q96A59	3	0	3
Q9Y653	2	0	0
Q9UKK3	0	3	0
Q9NWX6	4	0	3
Q9H8M2	0	0	2
Q16864	2	0	3
Q14689	3	0	3
Q27J81	72	62	66
Q14684	10	9	8
Q14683	14	26	21
Q9Y5S9	10	12	13
P29323	2	2	2
Q14680	2	0	0
O75223	20	10	16
Q96A49	32	35	31
Q9Y5S2	24	10	15
P27144	7	12	2
Q9UKJ3	5	4	0
Q9NWW5	2	0	0
Q16854	2	2	0
Q14678	0	2	0
Q16851	63	84	49
P62753	29	22	24
Q14677	17	15	16
Q16850	9	4	6
Q14676	3	2	0
P29317	54	49	49
P62750	21	18	26
Q9Y639	4	3	2
Q9Y5R8	0	0	2
Q14671	7	6	8
Q9UKI8	0	2	4
Q96A35	3	0	6
Q9UKI2	5	4	5
Q96A33	28	25	21
O14745	13	14	14
O14744	47	60	36
Q9NWV8	3	0	3
Q9NWV4	4	8	6
P09758	4	8	8
Q9NX70	3	3	0
P62745	19	32	9
Q14669	23	31	15
Q9Y5Q9	4	0	4
O75208	3	0	0
P15170	41	41	20
Q9Y5Q8	9	7	6
Q9Y624	8	5	8
Q9Y623	0	2	0
Q9Y5Q0	0	0	2
Q96A26	0	6	2
Q14BN4	0	5	3
O14737	8	7	7
P19525	43	27	36
O14734	10	9	10
O14733	4	0	3
Q7Z4H8	9	10	7
Q7Z4H7	5	8	0
O14730	3	2	0
Q16836	38	30	33
Q9NX63	11	8	8
Q9NWU2	5	19	5
Q9NX62	2	6	0
P68036	30	32	34
Q9NX61	5	3	3
P62736	0	106	0
Q16831	8	5	6
P68032	148	106	189
Q14657	0	0	4
Q9Y619	2	5	0
Q14653	32	44	28
Q9Y618	5	4	8
Q9Y617	78	65	51
Q14651	13	17	16
Q9Y5P6	36	44	24
P05388	139	166	130
Q9Y5P4	15	6	14
P05387	61	89	27
Q9Y613	14	8	6
P05386	48	182	50
O00592	52	71	35
A5D8V6	0	0	2
Q9UKG1	6	9	8
Q9NX58	11	4	11
O43684	26	14	23
Q9NWT6	5	4	2
Q9NX55	5	5	5
O43681	23	24	18
Q7Z4G4	2	0	3
Q7Z4G1	0	4	0
Q9NWT1	4	2	3
Q16822	10	11	5
P15153	6	6	7
P15151	6	17	9
Q14643	6	6	0
Q9Y606	3	2	2
P52948	23	19	19
P27105	0	4	3
Q9UKF6	25	13	22
O00584	5	0	0
Q04864	0	3	0
O14715	0	8	15
O43678	3	2	0
Q9NX47	0	2	0
O43674	0	4	0
Q9NX46	5	8	5
Q9H8H2	5	0	0
O43670	4	4	3
Q9H8H0	6	3	0
Q9NWS0	7	5	5
Q9NX40	12	13	12
P62714	0	48	0
P15144	9	9	9
Q9Y5N6	3	2	0
P05362	16	26	16
O00571	61	38	38
O43665	3	5	7
P50750	7	0	6
O43663	0	3	0
O43660	14	10	9
P62701	39	39	25
Q14624	0	0	2
Q5T2P8	0	50	24
Q9Y5M8	18	17	10
P52926	4	3	3
O00567	10	12	6
P60520	3	4	0
O00566	3	0	5
P50748	13	14	8
P50747	2	2	4
Q9UKD2	8	8	4
O00560	15	9	7
P48449	5	8	0
Q9UKD1	8	0	2
O43657	2	6	2
P48444	29	48	26
P48443	2	0	0
Q9NX24	2	2	0
P17301	63	58	45
Q96MF2	0	0	2
Q9NX20	3	4	2
P15121	140	115	108
O00559	0	0	2
Q9Y5L4	7	6	3
Q9BY89	6	4	0
Q9BXW9	4	8	5
P60510	17	14	14
Q9BXW7	9	7	10
Q04837	24	15	10
Q9BXW6	7	3	0
Q9Y5L0	56	35	41
Q9H8E8	3	0	0
Q9NX18	3	17	6
Q8TEY7	2	0	0
Q96ME7	0	3	0
Q96ME1	28	13	26
Q9Y5K8	5	9	2
Q9Y5K6	42	23	34
Q9Y5K5	6	5	10
P52907	28	33	21
Q9BXV9	4	0	3
Q9BY77	7	7	7
O00541	2	9	6
Q9UKB1	0	0	2
Q8TEX9	87	72	69
Q9NX08	5	2	3
O43633	3	0	4
Q9NX05	2	0	2
Q6YHK3	0	4	0
Q8N3F8	15	7	10
P15104	5	0	0
P38646	120	95	120
Q9Y5J7	5	7	2
Q9BY67	0	4	0
Q9UKA4	12	4	13
P40939	94	47	66
P40938	19	16	14
P40937	13	9	8
Q8TEW0	4	0	0
Q8N3E9	8	6	8
P59998	12	8	11
O43617	4	2	7
Q9BY50	3	0	2
O43615	21	16	21
Q8TF74	4	0	3
Q8TF72	5	3	3
P40926	89	146	75
Q9NWM0	10	0	3
P40925	69	112	63
Q9BY49	2	3	0
O00515	7	8	6
Q9BXS6	12	0	0
Q9BXS5	18	8	10
Q9BY44	35	48	36
Q9BY43	5	5	4
Q9BY42	6	4	5
Q9NWL6	0	4	0
Q8N3C0	16	19	10
O00506	3	6	4
P28838	44	32	33
O00505	44	31	35
Q9BY32	18	10	14
Q9BXR0	5	0	0
P38606	34	33	29
Q6VY07	9	5	4
Q8TF45	0	0	4
P24468	3	2	0
P26641	167	100	204
P26640	148	155	143
Q8TF42	15	10	13
Q9BXP5	28	40	34
P26639	120	121	81
P57772	21	16	9
Q00403	2	0	0
P14678	14	12	10
P36405	13	12	7
O60573	3	0	4
P04899	26	13	15
Q9UJZ1	67	57	48
Q6P9B6	28	39	24
P57764	38	40	25
Q9NWH9	4	2	3
Q8TEQ6	32	28	30
P47985	12	16	6
O15173	8	11	12
O60568	35	47	32
O60566	4	0	6
Q9UJY4	2	4	3
O60563	5	6	0
Q9UJY1	7	10	9
P63173	32	19	15
P63172	4	10	3
P53396	101	67	73
Q9Y5B9	94	50	77
Q9Y5B8	2	0	2
Q5T2E6	5	2	4
O15164	7	3	4
Q9UK99	2	0	0
Q9UJX6	3	2	0
O15160	5	5	3
Q9Y5B0	5	0	2
P20073	36	19	21
Q9UJX4	6	0	3
Q9UJX3	6	8	5
Q9UJX2	4	4	0
P63167	9	7	10
P63165	2	3	4
Q7L3B6	4	0	0
Q9H7Z7	24	26	34
Q09666	272	367	170
P63162	14	12	10
P57740	15	10	14
Q8TF05	31	20	22
Q15084	141	126	151
Q96LZ3	3	0	0
P53384	14	12	4
Q9Y5A9	15	7	10
Q5VZM2	0	0	5
P14649	0	2	3
Q9Y5A7	3	0	0
Q9P2W9	5	2	6
O60547	7	7	4
Q9BXL7	0	2	3
P57737	6	6	4
P57735	0	0	2
Q9UJW0	13	29	11
P63151	8	9	5
Q15075	7	9	9
P02686	3	5	0
Q15072	0	0	6
Q15070	10	5	7
Q5VZL5	0	3	0
P22234	55	59	50
O15145	28	21	19
O15144	39	44	33
P14635	4	0	3
Q9UJV9	4	5	4
O15143	17	37	20
Q9UK76	18	11	10
Q9BXK5	5	9	5
P35998	33	42	40
Q9BXK1	0	2	0
Q7Z478	14	10	18
P57721	13	10	11
Q15067	46	54	42
P32004	61	66	54
Q96M96	2	3	0
Q15063	0	3	0
Q8TEM1	24	9	16
Q15061	15	9	13
Q5VZK9	14	10	10
P53367	29	20	25
P53365	17	2	5
P22223	6	6	5
P00492	24	26	18
P00491	57	47	43
P14625	1488	1202	964
Q9BXJ9	90	80	75
Q6XZF7	10	9	8
A6NM15	2	0	0
Q9UJU6	39	38	44
O60524	8	0	7
P20042	59	77	38
Q15059	9	4	6
Q15058	4	0	0
Q7Z3U7	18	26	7
P04844	197	122	182
Q15057	3	6	3
P04843	148	92	107
Q15056	51	32	37
Q8IZW8	9	0	6
Q15054	2	0	0
Q7Z460	16	11	14
Q15050	2	2	0
O15127	3	6	3
P14618	1464	674	1291
O15126	5	2	4
Q9UK59	10	2	7
O60518	10	9	6
O15121	3	7	8
O15120	0	0	2
Q9BXI6	3	3	0
O60513	2	3	0
Q9P2T1	6	14	7
Q7Z3T8	5	3	2
Q15047	3	3	0
Q9H875	6	0	2
Q15046	52	51	42
P10253	4	0	6
Q15043	4	4	0
Q9H871	2	0	0
Q15042	27	22	18
Q9NWB1	3	0	0
Q15041	15	17	22
O15118	3	2	7
O15116	0	3	3
O15111	2	5	4
O60506	41	66	38
P12429	128	74	105
Q9UK45	11	3	5
O60504	6	2	7
O60502	32	13	18
P20020	3	4	5
Q9UK41	7	4	4
Q9UJS0	37	47	28
P39086	2	0	0
Q15036	7	12	7
P10244	2	0	0
Q15035	0	0	2
Q15031	3	2	3
P47914	4	9	4
P51159	0	0	5
Q9UK39	3	5	3
P51151	2	0	0
Q9P2R7	21	21	9
Q9P2R3	45	34	36
P04818	0	2	0
Q6FI81	12	11	15
Q15029	39	54	21
Q9H857	2	0	0
P63104	404	425	381
P33778	9	0	11
Q7Z434	46	52	38
Q9H853	0	0	472
Q15024	4	8	0
Q15021	76	84	53
Q15020	38	32	27
Q6DT37	4	0	4
P51149	20	26	13
P51148	29	17	15
O75191	0	4	2
Q9Y4Z0	5	8	3
Q9BXF6	2	0	0
O75190	2	0	0
Q6P996	42	61	32
Q15019	56	38	41
Q15018	0	4	2
Q9H845	34	47	32
Q7Z422	0	2	0
Q15011	2	0	0
Q71F23	0	2	0
Q9Y4Y9	7	3	2
P00441	67	9	28
Q15008	34	33	18
Q7Z417	10	12	7
Q15006	15	13	8
Q15005	8	13	8
Q96LR5	0	0	2
Q9H832	11	11	7
Q15003	33	23	33
Q5VZE5	3	0	0
O75179	17	13	8
Q9Y4X5	16	7	8
O75175	14	11	14
P21796	77	57	40
O75170	0	2	0
Q7Z406	35	54	30
Q96M27	31	14	23
Q7Z401	3	0	0
Q8IZQ1	0	5	0
Q9Y4W6	15	13	9
P51116	6	13	7
O75165	28	23	29
P51114	11	20	12
Q9Y4W2	13	11	11
Q9Y580	4	0	4
Q9P2N5	10	14	12
Q9H7P9	3	0	0
P35914	0	2	0
Q9H814	4	6	4
Q16795	17	6	13
Q8N339	4	0	0
Q05209	15	16	12
Q8IZP0	11	19	16
O75157	0	0	2
Q9Y576	0	3	0
O75153	26	20	24
Q9P2M7	7	9	10
O75151	3	3	0
Q9Y570	8	13	10
O75150	4	0	0
Q9BXB5	3	0	2
Q9BXB4	10	2	7
Q9UJM3	2	0	0
P35908	15	21	11
O14684	55	85	60
Q16787	93	87	68
Q8TED4	8	0	0
Q9NVZ3	0	3	0
P39023	180	56	88
Q4VC31	2	4	2
Q8TED1	2	0	2
Q8TED0	8	6	2
Q5HYK3	2	2	0
P00403	15	8	17
O75147	0	0	2
O75146	18	19	18
O14672	15	12	11
Q2NKX8	30	18	17
P39019	26	26	29
Q16778	9	0	11
Q9H7N4	0	5	2
Q16777	0	30	0
Q16775	8	8	5
Q16774	10	12	7
Q14592	12	0	5
Q5T280	3	3	5
O75131	28	21	21
Q9P2K5	3	3	0
Q03001	75	64	55
Q6FI13	29	30	30
O14662	3	9	8
P17275	3	0	0
Q7Z3K3	4	0	4
Q2NL82	36	29	33
Q9NVX2	10	12	12
Q5HYI8	5	0	4
Q8TEB1	6	0	4
Q16763	6	5	2
Q5HYI7	8	0	5
Q9NVX0	3	0	3
Q5T1V6	0	2	0
Q9Y547	0	3	0
O75127	2	0	0
P52888	17	19	20
P23921	59	44	43
O75122	14	20	16
Q9P2J5	59	49	53
O14657	7	6	3
P19447	4	0	2
O14656	14	19	17
P21741	3	4	4
O14653	5	3	11
Q8TEA8	4	5	4
Q8IZL8	25	24	28
P09669	6	4	3
Q7Z3J3	0	8	0
Q7Z3J2	6	5	4
Q9NW82	2	3	2
Q9NW81	5	6	5
Q6BDS2	8	4	5
P09661	27	35	22
P23919	27	13	22
P29218	2	0	0
Q14573	80	65	54
Q9Y4R8	12	14	9
Q14571	6	0	0
O75116	41	47	33
O75113	5	0	2
Q5QNW6	9	12	11
Q9Y530	8	2	0
Q71RC2	9	9	5
O14647	0	2	0
O14646	4	0	0
Q9P2I0	6	7	4
O14641	2	2	7
Q9NVV4	8	6	9
Q9NVV0	3	0	0
Q8N2M8	0	0	3
Q16740	5	6	3
Q14566	48	42	40
P60468	5	0	3
P09651	158	91	118
P07476	2	5	3
Q14563	0	0	2
Q14562	3	4	0
O14639	2	0	0
Q9Y520	44	26	23
O43598	33	17	21
Q9NW68	2	3	0
Q9NVU7	7	2	4
Q16739	2	5	4
Q96LJ7	8	7	11
O43592	33	26	26
P48382	2	0	0
Q9NW64	3	3	0
Q9NVU0	0	4	0
Q9HDC9	43	46	30
P11940	103	90	77
Q14558	15	7	9
P62633	13	7	31
Q14554	6	6	3
Q9Y4P8	2	3	3
O00499	25	25	16
Q9Y4P3	16	3	15
Q9Y512	18	15	11
Q9Y4P1	3	3	0
Q9P2G1	2	3	0
Q9NVT9	5	0	8
O43583	6	12	8
P46199	5	0	0
Q9Y508	7	12	15
Q8N2K0	26	11	18
O00487	31	32	25
P21709	3	0	0
O14618	0	3	0
O14617	27	27	14
Q9UJF2	7	0	5
P19404	8	7	4
Q04760	38	49	25
Q9NVS9	29	20	20
Q16719	7	3	2
Q16718	9	4	11
O43572	9	5	3
Q9NVS2	0	2	6
Q8IZH2	4	0	5
Q2PZI1	2	0	2
P09622	162	29	119
Q14533	20	21	12
Q9P2E9	86	95	89
O00471	12	0	22
Q9P2E3	13	5	12
O14602	16	0	10
Q7Z3E5	0	0	2
Q9NVR5	0	6	3
Q16706	12	9	11
Q7Z3E2	0	0	2
Q9NVR0	3	0	0
Q14527	7	0	7
Q14525	0	2	0
P07437	1509	1569	1373
P38571	5	0	0
O00469	18	14	15
O00468	41	33	20
P28799	14	12	13
O00462	0	0	2
Q9BX95	4	3	0
O00461	0	3	3
Q9P2D3	17	10	16
Q9P2D1	2	0	0
P11908	22	16	21
Q8IZF6	0	0	2
Q8TDZ2	0	6	0
Q9H7F0	4	0	2
Q14517	14	11	7
Q14511	0	3	5
P52815	69	48	55
Q9Y4L1	257	281	212
Q9UJC5	5	0	2
Q9UJC3	0	3	0
Q9H7E9	11	16	9
Q7Z3C6	3	9	6
Q9NW15	2	0	2
Q9H7E2	2	4	0
Q9NW13	9	11	4
Q9NVP2	5	2	0
Q9NVP1	18	22	19
Q5VZ89	6	5	7
P40855	18	12	9
Q8N2G8	3	0	3
Q6IE81	0	0	3
P58107	181	159	129
Q9Y4K4	10	2	5
Q9Y4K1	4	6	2
O00443	24	25	17
O00442	7	5	11
Q9P2B4	7	4	4
P26599	173	203	181
Q9P2B2	9	5	3
Q04721	7	6	0
Q9H7D7	12	6	8
Q8TDX7	18	17	9
Q02543	21	15	23
Q7Z3B4	14	14	17
Q96LD4	17	10	17
Q9H7D0	11	8	14
Q8IZD4	3	0	0
A1KZ92	3	0	0
Q8N2F6	0	4	3
Q5T1M5	9	12	22
Q9BX68	4	18	7
Q9UJA5	23	20	14
Q02539	11	11	17
P50613	2	0	0
Q9BWU0	6	9	7
O43524	2	0	0
P26583	46	38	40
Q8TDW4	2	0	0
Q7L2J0	23	12	13
Q5RIA9	2	3	0
O00429	40	45	26
O00425	23	13	16
O00422	0	0	2
P48307	0	5	0
Q9NVM9	4	2	5
Q8TE77	10	4	5
Q9NVM6	7	0	4
Q9H7B4	5	3	4
P26572	5	3	3
Q9NVM4	0	2	0
Q9H7B2	3	0	2
Q00341	59	94	46
P83916	15	37	6
Q9BWS9	9	3	5
Q9Y4H2	9	11	9
P05204	4	6	10
O00411	11	4	10
O00410	83	93	80
Q7L2H7	80	59	76
Q9BX40	7	8	4
Q8TE68	0	0	4
O43505	4	6	0
O43504	2	7	3
P40818	10	12	15
P24386	6	8	2
Q5VYS8	3	0	5
Q9Y4G6	27	18	25
O00401	8	11	11
O00400	10	4	4
P46109	16	22	13
P46108	6	24	9
Q00325	9	9	8
P46100	5	6	0
O60499	0	3	0
Q9Y4F5	7	2	5
Q9Y4F1	4	0	3
O60493	4	5	3
Q9NVJ2	9	0	6
O95983	5	6	4
Q9Y4E8	18	27	12
Q9Y4E6	3	0	0
Q9Y4E5	3	0	5
O60488	22	15	14
O15091	0	3	0
P57678	11	13	9
P63098	3	9	3
P63096	6	8	0
Q9NVI7	19	25	13
P63092	57	49	51
Q7L2E3	12	5	7
Q9NVI1	20	28	8
P47897	83	59	72
P47895	70	68	51
O15084	16	13	7
Q5ZPR3	0	3	0
O60476	4	0	4
Q9Y4D1	8	22	7
P28702	5	3	3
Q8TDQ7	16	8	8
P04792	23	31	21
Q7Z2Z2	22	12	21
Q9NVH2	2	4	3
Q9NVH1	5	3	4
Q9HCU5	25	23	23
A6NKT7	0	0	14
Q9Y4C2	8	6	4
Q9P1Y5	5	8	2
Q9NVG8	3	3	2
Q8TDP1	2	4	3
O15067	88	74	66
O15066	3	5	4
Q9Y4B6	5	5	4
Q9Y4B5	4	2	3
Q9Y4B4	4	0	0
Q9BWM7	17	15	7
P14550	20	13	12
Q9H6Z4	6	3	3
Q6EMK4	7	11	9
Q7Z392	14	8	11
Q8TE02	8	0	0
Q9HCS7	5	5	2
Q9HD47	4	4	2
Q9HD45	15	19	17
O60449	0	2	3
Q9Y4A5	9	10	9
Q9P289	9	16	7
P14543	3	0	0
Q9P287	17	25	8
O60443	7	5	10
Q9UJ83	9	2	7
Q9UIW2	2	0	0
Q7Z2W9	5	0	4
Q9NVE7	3	8	3
Q8TDN6	26	19	20
Q9NVE5	2	2	0
Q7Z2W4	20	28	16
Q9H6Y2	8	9	6
Q9HD33	5	2	0
O15047	3	8	0
Q05193	16	13	10
A6NL28	10	15	11
O60437	51	75	64
O15042	11	12	8
Q9UIV1	6	2	2
P43490	100	98	95
Q9UJ70	21	21	21
Q9P270	4	2	3
Q9NVD7	11	14	7
Q8TDM6	0	3	4
Q96L93	3	0	0
Q96L92	8	17	8
Q96L91	5	6	4
Q9HD26	6	0	5
Q5VYK3	142	133	124
P00395	4	0	0
Q9HD23	3	10	2
O15037	0	8	0
Q9HD20	4	4	4
P00390	32	30	16
O60427	0	0	2
Q9UJ68	3	0	0
P43487	54	34	37
O15031	28	30	28
Q9BWJ5	6	6	6
Q9P265	21	13	13
Q9H788	10	11	7
Q9P260	14	12	12
Q9NVC6	2	0	2
Q9H6W3	6	6	4
Q8IZ83	38	39	46
Q6ZNJ1	2	4	2
Q07352	0	2	0
P00387	37	16	24
Q9HD15	10	13	11
O15027	70	76	48
Q9P258	42	38	31
O15020	22	23	18
Q9P253	10	6	6
P63027	0	4	4
Q9H6V9	0	3	0
P04733	0	0	2
P10155	18	7	8
Q7Z2T5	8	6	4
P04732	0	0	20
Q9H773	17	13	16
O95905	0	2	0
Q96L73	0	0	2
Q8IZ73	4	3	2
P00374	7	6	6
P22102	90	93	83
O15013	2	3	3
Q9BWH6	9	4	5
P35869	0	3	2
Q9UJ41	5	13	0
Q9H6U8	7	6	5
Q8IZ69	2	0	3
Q8IYU8	4	0	4
P63010	145	125	143
Q9NVA2	43	40	37
Q9NVA1	0	3	2
P02545	114	66	125
Q9HCN8	10	5	10
P47813	16	9	10
P00367	48	46	37
Q9HCN4	11	2	3
Q8N1W1	11	14	6
Q9H6T3	12	8	6
P63000	22	15	136
P02538	12	16	11
Q7Z333	0	4	3
Q9H6T0	6	7	15
Q8TDI0	8	4	12
P02533	0	16	15
Q8IYT2	3	0	0
Q9HCM4	6	8	5
Q9Y3Z3	38	18	29
Q9P227	3	0	2
Q9UIQ6	10	9	8
Q9BWF3	25	21	10
Q8TDH9	3	0	2
Q9H6S3	107	121	116
Q9H6S0	7	5	5
Q8IYS2	9	3	10
Q8IYS1	3	0	0
P31483	14	14	6
Q9HCL2	3	0	2
O75083	113	107	96
Q9Y3Y2	2	3	0
Q5EBL8	6	0	8
Q5CZA5	0	0	2
P41252	107	124	89
Q9H6R4	44	23	38
Q9H6R3	5	0	2
P41250	119	88	123
Q96KR1	5	4	4
Q8IYR2	0	2	0
Q9HCK8	14	5	7
Q8N257	9	0	0
P00338	835	213	802
Q4J6C6	18	13	16
Q9HCK5	4	0	0
Q5RI15	2	2	0
Q9Y496	0	6	0
Q9P206	11	2	5
Q9Y3X0	2	2	0
Q9Y490	224	258	211
Q9BWD1	51	40	41
Q96KQ7	5	2	4
P41240	5	8	3
Q96KQ4	2	0	0
Q8IZ21	6	2	0
Q5T0Z8	12	9	4
Q9HCJ1	0	4	0
Q9Y485	0	0	2
O75063	3	2	3
O75061	3	0	3
P19388	6	3	2
P19387	4	4	5
P41236	2	4	0
P35813	10	14	12
Q9H6P5	3	0	0
Q16698	21	22	12
Q96KP4	53	59	39
Q96KP1	15	12	17
Q63HN8	16	7	12
Q9Y478	9	0	3
P51003	18	7	6
P21675	0	0	4
P41227	31	16	24
P41226	0	5	2
P41223	8	12	6
P41221	6	4	0
Q7L1V2	0	3	0
Q6ZNB6	19	7	7
Q8IZ07	7	3	4
Q8TDD1	8	9	5
Q9Y3U8	13	8	6
P29144	60	27	46
O75044	17	17	13
O14579	94	31	60
O14578	10	2	3
P19367	13	20	17
Q9UIL1	4	0	5
Q9NUY8	8	6	6
P41214	8	9	0
Q96KN1	6	5	5
Q14498	19	11	25
Q9HCG8	4	0	5
Q8N1P7	0	2	0
Q5T0W9	10	10	8
Q14493	0	3	0
Q9Y3T9	14	10	12
A6NKF9	3	5	2
Q9Y450	11	18	14
P41208	0	7	5
O14562	7	7	5
Q7L1T6	2	0	0
Q7Z2K8	7	0	0
O14561	10	21	7
Q7Z2K6	21	16	24
Q8TDB6	0	0	2
Q9NV96	6	2	8
Q16667	2	0	0
Q96KM6	0	3	0
P17174	53	68	55
Q70J99	34	26	19
Q8N201	9	29	10
P52789	16	27	16
O75027	8	6	0
P52788	15	21	20
Q9Y446	33	49	29
Q9UIJ7	12	11	7
Q9Y3S2	4	0	2
Q9Y3S1	0	2	0
O14556	6	0	9
Q9NV88	10	0	5
Q16658	97	108	66
Q6RFH5	2	3	0
Q16651	3	3	2
Q9HCE7	0	0	2
Q9HCE5	0	3	0
P07384	141	124	199
Q9HCE1	14	11	8
Q9HCE0	0	3	0
A6NKD9	6	0	2
O14548	3	2	0
P19338	204	146	171
Q04695	53	68	63
Q9UII4	0	4	0
Q9UII2	3	0	0
O14545	0	0	5
Q96KK5	0	39	0
Q9H6K1	4	3	0
Q16644	0	2	0
Q16643	9	13	5
Q9NV70	23	11	25
Q71DI3	17	0	21
Q9HCD6	2	3	5
Q9HCD5	4	2	0
Q9Y3Q8	8	3	2
Q9Y426	3	0	0
P05198	97	46	64
Q9Y3Q3	2	0	0
P50583	9	2	8
Q7L1Q6	43	57	28
Q9NUU7	14	18	14
O14530	3	6	3
O43493	3	4	10
Q16637	0	0	2
O43491	31	24	16
Q8WZA9	40	64	35
O43490	2	0	0
P09543	19	46	24
Q14457	2	0	0
Q16630	32	24	23
Q8WZA0	11	5	5
Q9Y3P9	13	14	8
Q2QGD7	3	0	0
Q14451	2	0	4
O00399	3	0	3
Q9HCC0	7	8	6
P05187	3	0	4
P50579	21	15	9
O00391	3	0	2
A8K0Z3	0	2	0
O43488	15	6	11
Q9UIG0	2	0	0
Q5NDL2	0	0	3
P50570	37	42	28
Q16629	13	31	10
Q9NV56	2	0	2
Q16626	3	0	0
Q16625	0	5	0
Q8IYI6	11	8	5
Q9NUT2	5	4	0
P07358	0	2	0
Q14444	44	28	37
P07355	660	631	514
P54920	23	38	24
P83881	7	6	12
Q9P1F3	9	14	4
P46087	5	9	7
P09525	45	27	44
Q16610	0	2	0
Q14435	38	24	21
Q6IQ49	0	0	3
P52735	45	42	33
Q06830	82	31	184
P52732	21	31	15
P05161	22	10	25
P50552	32	45	27
Q96KG9	44	12	28
O43464	4	0	3
Q9NV35	13	11	12
Q7Z2E3	2	0	0
Q9NV31	0	2	0
P07339	45	30	27
Q9Y3M8	3	8	2
Q9UID3	11	10	10
C9JLW8	0	3	0
Q9BW92	6	6	4
Q9BW91	21	6	12
Q9NUQ9	26	43	19
Q9NUQ8	10	3	6
Q9NUQ7	10	6	14
Q9H6F5	19	4	7
Q9NUQ6	9	8	12
P11802	20	8	12
P46063	58	81	46
P40763	49	60	53
P46060	85	66	84
Q9Y3L5	0	3	0
Q9UIC8	0	6	3
Q9Y3L3	4	4	7
Q6IQ23	3	0	0
Q6IQ22	0	2	0
Q04637	121	99	110
Q9BW85	4	0	0
P05141	520	824	446
O43447	0	6	10
Q8TCY9	7	0	0
Q9NUP9	18	5	7
Q9H6E4	0	2	0
Q9NUP1	2	0	0
Q8N1G4	27	35	28
Q8N1G2	10	11	14
Q5T0N5	9	11	9
Q8N1G0	2	2	0
P28676	3	2	0
P52701	59	37	42
Q9BW72	7	3	4
O43432	14	4	18
Q00266	5	0	0
Q8N1F8	3	0	0
Q8IYD1	0	0	13
Q8N1F7	26	35	31
P07305	0	2	0
Q9UIA9	24	18	24
Q9BW66	4	0	0
O00330	2	4	0
P05121	19	10	17
O43427	2	0	2
O43426	4	0	3
P18887	13	14	21
Q9Y3I1	4	2	4
Q9Y3I0	34	23	34
P05114	3	0	3
P50502	22	9	16
Q8IYB8	6	3	6
Q8IYB7	4	5	2
Q96KB5	8	10	9
Q6ZN55	2	5	6
P48200	0	0	3
Q8IYB5	4	6	7
Q8IYB3	44	15	23
Q8IYB1	10	3	9
P46020	6	0	0
Q9BVS5	0	0	3
Q9NUL7	3	3	2
Q9NUL5	0	0	4
O43402	3	10	5
Q8TCU4	0	0	2
Q96KA5	8	0	6
Q9NUL3	0	0	3
Q8IYA6	3	0	0
P46013	7	3	7
Q8WZ82	18	15	15
O00308	0	0	2
O00303	48	54	33
O00300	0	2	2
Q8TCT9	6	9	0
P18859	5	9	3
P18858	43	44	29
Q9HC98	15	15	7
Q8N1B4	7	15	10
Q9Y3F4	21	46	10
P06899	9	0	11
Q9BVQ7	7	8	0
Q9BW27	23	14	8
Q86YZ3	0	0	10
Q8TCS8	22	18	15
Q6ZN28	11	7	11
P18846	0	2	0
Q8TD43	5	2	5
Q9NUJ3	4	0	0
P26440	23	28	20
Q9NUJ1	13	9	8
O95881	3	7	6
P22087	16	4	13
Q9Y3E7	3	3	0
Q9Y3E5	5	7	4
Q9BW19	7	3	4
Q9Y3E1	0	4	5
P26439	0	0	3
Q9BVP2	5	4	4
Q765P7	3	3	2
Q9NUI1	0	2	0
Q8TD30	7	8	10
Q6ZMP0	0	2	0
O95870	4	8	4
Q9Y3D9	6	4	0
Q9Y3D8	2	3	3
Q9Y3D7	5	2	3
Q9Y3D6	8	4	9
Q9Y3D5	8	5	5
Q9Y3D3	0	2	4
Q9Y3D0	19	21	8
Q9BW04	12	9	10
Q8TD26	5	2	0
P18827	2	3	9
O95865	26	18	16
O95864	0	0	2
O95861	9	12	10
Q8WZ42	6	0	0
Q5T0F9	3	2	3
Q9Y3C8	0	3	3
Q9Y3C6	14	19	14
P22061	23	22	19
Q9Y3C4	10	13	9
A8MXV4	5	2	0
Q9UHY7	45	35	43
Q9Y3C1	2	0	2
P06865	18	8	12
Q13951	4	3	2
Q9BVN2	2	0	0
Q9UHY1	19	12	15
P49959	14	8	7
Q8TD19	12	13	15
Q8TD16	4	3	3
O95858	0	4	3
O95857	0	2	0
Q09472	3	2	2
Q01995	21	5	18
Q9HBT7	3	0	0
P22059	19	18	27
Q9Y3B9	2	2	0
Q9HC52	2	0	0
Q9Y3B8	12	17	14
Q9Y3B7	4	3	2
Q13948	9	9	6
Q6AI12	0	2	0
Q9Y3B4	4	5	5
Q9Y3B3	21	12	12
Q9Y3B2	7	0	6
P06858	3	2	3
Q86YV9	24	8	16
P12277	7	4	5
Q86YV5	14	7	9
Q9UHX1	17	29	19
P12270	70	83	64
O95848	0	0	2
Q5EB52	30	13	34
Q8IXZ2	0	2	0
Q6AI08	0	3	0
Q9Y3A6	12	2	11
Q9Y3A5	17	36	12
Q9Y3A4	2	3	2
Q9Y3A3	13	14	11
P12268	73	60	67
O60343	11	0	5
Q9BVL4	0	4	0
O60341	19	9	13
Q9BVL2	7	8	7
Q96JY6	5	6	3
O95834	28	8	13
O95833	32	46	35
Q8WYP5	0	9	0
P47756	37	60	25
Q9HC38	11	16	14
O95831	30	28	31
P47755	20	16	13
Q9HC36	4	13	3
Q9HC35	17	15	10
P16615	51	56	43
Q01970	15	30	19
P22033	8	7	5
Q9UHV9	4	7	4
Q9P0V9	13	15	10
Q9UHV7	2	0	0
P12259	0	4	4
Q9BVK6	16	19	12
O60333	2	0	0
Q9P0V3	4	9	6
Q9NUD5	2	3	2
O95825	4	3	0
Q01968	6	3	3
Q8IY95	0	2	0
Q6ZMK1	0	3	0
Q6PD74	8	2	6
Q8N0Z6	3	2	0
Q8N0Z3	0	2	0
Q05086	11	12	9
Q9HC21	2	0	0
Q9BVJ7	5	0	0
Q86YS7	10	3	6
Q9P0U4	3	0	0
Q86YS6	4	2	2
Q9P0U1	0	0	2
P49917	3	0	3
P49916	10	3	6
O95819	11	3	9
P49915	55	55	52
P49914	2	0	3
O95817	21	27	23
O95816	3	0	4
Q8IXW5	0	7	0
Q8IY81	5	3	5
P02462	2	0	2
Q6PD62	20	12	11
Q13907	14	15	15
O60318	3	2	0
P43378	3	4	4
O60313	26	23	16
Q9BVI4	13	12	17
P12236	510	807	433
P12235	501	801	0
Q9H5V8	5	3	0
P04637	45	25	41
P55327	25	37	19
Q96K76	9	8	9
P04632	176	166	211
P49903	26	18	13
P49902	28	41	28
Q9NUB1	0	2	0
O95801	7	10	4
Q6ZMI0	0	4	0
Q8N0X7	17	12	13
Q9HC07	6	4	3
P14406	0	2	0
O60306	26	20	23
P04626	5	4	2
Q8IY67	42	43	28
Q8TCJ2	10	7	15
Q8N183	4	9	4
Q8N0W3	5	7	5
P82094	3	4	0
Q9BVG9	4	3	0
Q9P0R6	6	0	7
Q9UHR4	15	10	13
Q9BVG4	6	6	10
Q86YP4	10	7	2
Q9UI30	3	3	0
P35754	14	8	16
Q9HBM6	2	3	0
Q05048	10	6	9
Q8N0V3	4	0	0
Q9HBM1	2	3	8
Q9HBM0	3	2	0
Q9UHQ9	11	12	13
Q9Y2Z4	10	6	11
Q9Y2Z2	0	2	0
Q9UI26	33	28	27
Q9Y2Z0	26	21	22
Q9UHQ4	2	0	4
P35749	19	17	28
Q9HBL8	0	3	0
Q8N163	35	25	36
P23786	11	8	7
P29084	2	0	0
Q9HBL0	0	0	2
P29083	0	0	4
Q9UI14	3	0	0
Q9UI12	5	3	5
Q9UI10	19	9	12
Q86YN1	10	7	5
Q7L0Y3	4	7	6
Q96K37	8	10	4
Q9H633	2	0	0
Q8IY37	6	3	6
Q8TCG1	11	19	10
Q8IY33	4	5	3
Q9HBK9	2	2	0
P84243	18	6	12
Q9Y399	4	5	2
Q8N0T1	2	0	0
Q9Y2X7	8	5	6
Q9UI09	3	2	4
Q9Y394	14	22	23
Q9Y2X3	11	4	4
Q9P107	2	4	0
P13995	26	26	15
Q9H5Q4	9	5	5
Q8IY26	0	3	0
Q8TCF1	3	3	4
Q8IXQ4	2	4	3
Q96K21	0	4	0
Q8IY21	0	2	3
P25942	2	3	2
Q9Y2W6	2	6	0
P21589	21	18	14
Q9Y383	23	16	18
Q9Y2W2	7	3	8
Q9UHN6	5	9	9
Q9Y2W1	10	10	10
Q9BVC6	2	3	3
Q9BVC5	5	8	6
O14497	12	4	6
Q9BVC4	3	4	2
Q9BVC3	5	4	0
P13987	9	14	7
P21580	0	0	2
P13984	16	13	15
Q8TCE6	3	0	2
Q96K17	17	19	13
Q8IY17	5	3	3
Q96JP5	4	5	6
Q16595	5	0	0
P62495	33	27	31
P62491	108	17	103
Q9Y2V7	4	0	2
P31350	24	23	21
Q9Y376	25	12	36
P43308	0	2	0
P43307	15	18	10
B5ME19	0	0	57
Q9Y2V2	33	6	39
Q9Y371	4	7	4
P43304	24	34	14
Q9NTZ6	21	13	13
Q8TCD5	14	5	6
P17096	16	19	15
P33527	3	3	0
P09497	0	3	4
P62487	0	0	4
P09496	5	5	4
P09493	36	62	32
P54886	40	42	31
Q9HBH5	4	0	0
Q9Y2U8	14	12	14
Q9HBH1	2	3	0
Q9HBH0	0	2	0
Q9Y365	5	8	3
P23743	14	13	8
P0C0S8	0	39	0
Q9UHL4	18	15	18
P0C0S5	34	44	31
Q9BVA1	1275	990	1069
Q9BVA0	2	0	3
Q9P0L0	49	46	39
Q96JN8	0	3	0
Q16576	51	45	95
Q8TCC3	2	0	5
P09486	6	7	4
Q14393	0	0	2
Q9Y2T2	19	22	14
Q9NTX5	2	0	0
Q8IXM6	6	3	2
Q96JM3	8	0	6
Q16563	8	8	2
Q8IXM3	2	9	4
Q8IXM2	0	3	0
P31327	0	4	0
Q9HBF4	6	0	3
Q06787	6	9	6
P31321	3	0	0
Q9Y2S7	13	7	8
Q9Y2S6	0	0	3
Q9Y343	3	3	9
Q9P0J7	7	9	6
Q9UHJ6	5	9	4
Q5PRF9	3	2	3
Q9P0J0	6	9	5
Q9NTW7	2	0	0
P17066	34	32	28
Q70UQ0	2	2	0
P11766	48	35	42
Q16555	67	78	56
P09467	0	0	2
Q16553	5	0	4
Q8TCA0	3	4	0
Q14376	21	21	10
Q9Y2R9	7	5	2
Q9Y337	11	0	2
Q9Y2R5	7	7	4
Q9Y2R4	2	2	4
Q9Y333	9	11	6
Q9UHI6	12	7	9
Q9Y2R0	2	2	0
Q9P0I2	6	6	6
P42892	19	12	14
Q16543	14	24	20
Q96JK2	3	0	5
Q08945	34	29	19
Q16540	0	0	3
Q8IXK0	2	0	0
Q9Y2Q9	3	0	5
Q9Y2Q5	2	0	0
Q5SNT2	0	3	0
Q9Y2Q3	19	20	21
Q9Y320	7	6	6
P13929	1743	936	1604
P13928	28	50	24
O43399	34	59	24
P05091	0	2	0
O43396	25	21	17
O43395	7	5	5
Q16539	26	19	18
Q96JJ7	11	28	8
Q16537	22	7	7
O43390	16	25	20
Q8IXJ6	3	0	2
Q96JJ3	3	2	4
Q8WYA6	21	18	16
Q16531	122	79	87
Q8WYA0	7	0	0
Q14353	12	17	9
Q9Y2P8	6	5	2
Q9Y316	9	6	11
O00299	96	91	111
P52657	9	15	10
Q9Y315	11	7	5
Q9Y314	18	21	10
P52655	0	3	2
Q9Y312	5	7	5
P50479	7	14	2
Q9UHG3	14	17	12
O00291	6	4	5
P17036	0	0	3
Q16527	0	0	5
Q8IXI2	0	4	2
P62424	50	61	56
Q8IXI1	16	10	15
P40692	2	0	0
Q14344	6	5	4
Q9Y305	3	3	4
Q9Y303	9	0	4
O43379	13	14	9
Q9UHF1	3	0	0
Q02388	2	3	4
Q6GMV3	6	2	8
Q6GMV2	9	12	7
P17029	2	0	3
P17028	3	0	3
Q96JH7	7	2	7
P17026	3	2	2
P48163	12	17	9
Q8IXH7	3	4	10
P09429	107	114	73
Q16513	14	10	9
Q16512	3	6	2
P54819	40	34	29
Q5VWZ2	6	3	4
Q14331	3	2	4
P05067	7	11	9
O00273	7	10	6
P0C0L5	0	0	5
P52630	19	14	13
P0C0L4	10	7	5
P50454	74	73	63
P42858	12	6	7
P50452	2	0	5
P11717	24	20	23
Q96JG6	13	12	11
P09417	16	13	10
Q6NZY4	7	7	3
P60228	72	36	45
P07237	595	175	467
P54802	8	5	4
Q14320	8	14	9
Q6UB35	8	13	13
O00268	3	4	3
Q9UHD9	14	24	15
O00267	27	12	12
Q9UHD8	84	77	57
O00264	47	18	40
Q86YB8	0	0	3
Q9UHD2	4	5	3
Q9UHD1	17	11	12
P48147	24	19	15
P50443	6	2	8
O43353	7	3	7
P50440	6	3	2
Q8TBZ3	0	0	4
Q9NU22	4	5	2
Q14318	11	12	11
Q14315	214	228	177
Q9Y2L5	12	4	7
Q9Y2L1	23	22	27
Q9BV86	4	2	5
O43347	8	4	0
Q6IBW4	4	2	0
Q9Y2K7	2	0	4
Q9UHB9	50	47	51
P30876	18	7	8
Q9BV79	3	4	3
Q3L8U1	2	3	0
Q9BUV8	12	2	2
Q9UHB7	4	5	0
Q9UHB6	18	8	11
O00244	24	28	16
Q9UHB4	22	21	17
Q8TBX8	27	16	19
Q00169	14	15	12
Q6PCB6	0	2	0
Q6PCB5	3	3	0
Q9Y2J8	6	8	4
P07204	16	20	10
P07203	24	12	20
P83731	13	19	13
Q9BV68	2	2	0
P05026	17	18	7
O00233	10	8	12
Q9UHA4	4	0	7
O00232	34	25	29
P05023	78	99	69
O00231	30	34	32
P50416	22	30	21
Q02338	4	4	3
O43324	17	14	17
Q96JC1	2	4	0
Q66PJ3	3	9	0
Q9Y2I8	2	0	0
Q9BUT9	2	3	3
Q9BV57	6	3	6
Q9Y2I1	6	9	6
O00220	0	2	2
O43318	0	0	2
Q9BUT1	0	4	0
P50402	6	7	5
O43314	2	0	0
P26374	6	6	4
P26373	13	11	19
Q96JB5	25	11	19
O43310	0	4	2
Q96JB2	16	29	9
Q8WXX5	17	21	12
Q8IXB1	22	22	12
Q9Y2H6	11	17	5
Q9Y2H5	5	4	0
O00217	4	5	5
Q68EM7	20	12	16
Q9Y2H2	2	0	0
P61981	152	148	132
Q9Y2H0	15	15	11
O00212	3	0	0
Q9BV44	7	3	6
P26368	72	69	69
Q9BV40	2	5	5
P0CW22	27	134	40
O43303	7	0	2
P40616	12	21	7
Q69YQ0	6	6	3
Q6IBS0	18	19	17
P61978	127	94	97
Q9Y2G5	2	3	2
P30837	7	7	2
Q9Y2G3	3	0	0
Q13895	6	12	5
Q9BV38	3	4	5
O00204	18	13	10
P61970	29	10	17
O00203	19	19	26
Q9BUR5	5	5	3
Q9BUR4	5	2	3
P26358	16	7	17
Q9NTK5	64	53	55
P18754	23	16	9
O95793	29	19	28
P61966	5	0	2
Q13889	3	5	0
Q9HB90	0	5	0
Q13888	0	0	2
P61964	10	6	6
Q9BV29	2	0	0
P30825	6	4	2
P61962	0	3	0
Q13885	383	382	0
Q9BUQ8	13	17	10
P61960	6	18	18
O60293	0	0	2
O60292	3	0	3
Q9BV20	24	24	24
Q9NTJ5	13	4	5
Q9NTJ4	7	4	3
Q9NTJ3	59	57	40
O95786	33	18	16
O95785	8	5	4
O95782	55	53	45
Q9HAW4	2	0	5
Q5VWQ0	0	3	0
P61956	10	17	8
Q9BV19	0	2	0
O60287	16	9	11
P08962	2	2	0
Q9BUP3	10	5	5
Q9BUP0	17	5	8
Q6P6C2	7	0	2
Q9NTI5	24	24	23
O95777	3	7	5
Q69YN4	2	0	0
Q69YN2	8	11	4
Q9HAV7	12	15	10
Q9HAV4	82	81	53
Q9HB71	49	30	25
Q9HAV0	13	10	9
Q13868	7	6	7
Q9Y2D5	23	34	18
Q13867	24	20	13
Q9Y2D4	7	6	6
P14373	3	0	0
O60271	36	38	29
Q9HAU4	0	0	3
Q9HAU0	15	3	3
Q9BUN8	3	0	4
O60264	11	12	11
Q86Y82	6	6	4
Q9NTG7	2	0	0
Q8TBP6	0	3	4
O95758	17	21	16
O95757	21	27	17
Q8TC12	7	4	5
Q69YL0	3	0	0
P61927	3	0	0
Q9UH99	6	4	5
P61923	21	19	14
O60256	27	17	26
Q86Y79	2	0	0
Q9Y2B0	31	26	24
P06756	17	17	17
P06753	32	63	32
P49848	9	3	5
Q8TC07	8	8	4
P55268	12	18	7
O95749	3	4	0
Q8IWZ8	5	3	2
Q9H4Z3	19	14	11
O95747	11	13	15
P55265	38	25	32
P55263	73	78	68
P49841	17	6	8
P49840	9	8	2
Q8IWZ3	20	16	9
Q96IZ0	24	41	24
Q8WY22	3	0	0
Q9Y2A7	29	15	22
P61916	17	5	10
Q9HAS0	5	4	5
Q13838	75	126	57
O60248	0	2	0
Q9BUL8	6	0	4
P06748	217	500	157
O60244	3	3	0
P06746	5	5	3
P06744	209	188	170
Q8IWY9	0	4	0
Q6EKJ0	2	0	0
P06737	91	113	91
Q13823	5	0	0
Q9BUK6	7	0	6
O60232	7	13	8
Q86Y56	21	12	15
Q9UGV2	11	9	9
O60231	10	3	14
P06733	2260	1448	2064
P06730	20	3	9
Q8TBM8	0	2	0
Q8IWX8	16	23	14
Q96IX5	2	3	0
P49821	14	6	33
O95721	7	5	4
O60229	0	0	10
P14324	46	32	39
Q13813	301	311	237
Q9UH65	24	7	20
Q86Y46	0	4	6
Q9UH62	13	0	13
Q9BUJ2	74	73	70
O60220	4	0	4
Q96IW7	3	0	3
P49815	4	2	0
Q9H583	85	52	54
O95716	2	3	2
Q07157	51	46	43
O95714	7	6	3
Q5VWJ9	3	0	0
Q9HB19	0	3	3
P14314	77	40	128
O60216	14	15	5
Q9UGT4	3	0	2
Q9BUI4	0	3	0
Q09328	7	2	5
Q8IWV8	9	14	7
O95707	0	2	2
P41091	80	93	75
Q8IWV7	6	3	4
Q9HB09	6	0	0
Q96IV0	2	0	2
Q01844	9	15	11
Q6NZI2	24	24	18
Q9HB07	20	16	20
P53041	36	41	41
Q9BUH6	4	2	0
P06703	672	354	1060
Q96J66	3	0	0
Q96IU4	3	0	5
P55212	7	5	7
P55210	8	3	4
P00167	3	4	5
Q01831	2	0	0
P37837	65	66	77
Q9P035	17	23	18
P35659	18	17	22
P35658	52	53	39
Q9UGR2	0	2	4
Q9P032	0	0	2
Q86XP3	31	43	26
Q5UCC4	2	3	0
P55209	241	171	386
Q9H553	17	2	7
Q8IWT6	5	5	7
Q5VWG9	3	0	0
Q8IWT3	3	5	3
P43246	37	39	33
P12109	3	0	0
Q9BUF5	1006	767	874
Q86Y07	3	0	0
P43243	60	43	48
Q01813	81	40	75
Q8IWS0	7	4	9
Q9UGP8	17	14	13
Q9P016	6	5	7
Q9P015	10	6	5
Q9UGP4	13	4	5
Q9P013	5	3	4
P35637	46	34	29
Q6DD88	42	30	38
Q6DD87	12	9	12
Q8WXI9	12	0	8
P53007	10	8	16
Q01804	0	3	2
Q8IWR1	4	0	3
Q8IWR0	6	7	3
P53004	24	7	15
Q9Y296	3	0	0
Q9Y295	26	22	25
P37802	108	145	105
Q9P003	2	4	4
Q9P000	6	9	2
Q8TBF2	3	0	0
Q8WXH0	9	4	9
Q9Y289	4	6	0
Q9Y285	25	16	28
Q9Y282	10	9	4
Q9Y281	102	31	96
Q9UGN5	3	6	2
Q86XL3	12	4	14
Q8TBE9	4	0	0
P35613	32	37	19
P35612	3	0	0
P35611	23	9	11
P35610	9	17	12
Q2TAZ0	10	5	6
Q8IX12	9	11	9
Q9Y277	19	12	9
Q9Y276	6	7	4
A6NIH7	2	3	0
Q9UGM6	0	0	2
P35609	134	67	108
P35606	65	55	58
P19174	20	11	24
Q2TAY7	30	8	23
Q9H501	5	7	7
Q8WXF7	5	2	5
Q8IX04	0	2	0
Q96J02	18	15	10
Q8IX03	0	0	2
Q96J01	6	6	9
P56962	2	0	9
Q8IX01	5	8	5
Q8WXF1	30	29	17
Q9Y266	34	30	17
Q9Y265	63	28	42
Q9Y263	39	27	35
Q9Y262	19	26	22
P13861	13	16	6
Q8TBC5	2	0	0
Q8TBC4	23	50	20
Q8TBC3	4	0	4
Q9NSY1	0	5	0
Q5THJ4	0	0	2
P84103	19	28	14
P09382	32	38	23
Q8WXE0	3	0	0
Q9Y259	0	2	0
P23634	4	2	4
P52597	88	71	91
P52594	8	8	7
Q9UGK3	6	5	4
Q6P5R6	9	22	6
Q9H4M9	104	100	80
Q86XI2	6	6	11
Q8TBB5	3	0	2
Q92997	0	0	4
P56945	24	9	23
Q92995	0	0	6
Q14289	4	3	5
Q92994	2	0	0
P07199	12	0	4
Q92990	10	2	7
P54764	2	2	0
Q9Y248	10	6	15
P07195	95	86	115
P54762	0	3	0
P54760	6	5	8
Q9Y244	3	4	5
Q9Y243	4	2	0
P01891	19	23	0
Q9Y241	6	0	0
Q9UGJ1	4	7	3
Q9UGJ0	3	0	0
Q9H4L7	4	0	6
Q8TBA6	5	4	6
Q9H4L5	14	22	10
Q9H4L4	12	5	8
Q9Y237	4	6	2
P60174	370	182	295
Q9UGI8	42	36	41
Q9Y232	3	0	3
P23610	8	9	10
Q9Y230	36	35	17
P50395	123	160	103
Q6UN15	3	5	7
Q92979	12	3	13
Q9NSV4	17	33	19
Q92974	22	13	11
Q96IK1	2	3	0
Q92973	93	83	95
P62341	0	0	2
Q6ZXV5	10	5	6
Q9Y224	28	19	19
P52566	13	31	11
Q9Y223	4	6	4
P52565	128	107	220
Q9Y221	3	0	0
Q9UGH3	5	14	0
O43299	0	3	0
O43294	12	4	4
P42785	2	2	2
O43292	18	0	11
Q96IJ6	17	7	13
O43291	0	5	3
Q8WXA9	3	0	7
O43290	6	7	4
Q9NT62	4	2	6
Q14258	38	37	29
Q8IWJ2	0	4	0
Q14257	16	30	22
Q8WXA3	4	4	3
P62333	27	26	22
Q6GYQ0	7	3	2
Q14254	4	6	2
P62330	25	16	16
A8MWD9	3	2	6
Q9Y217	2	2	0
Q6Y7W6	22	33	23
O00193	6	6	9
Q7L014	24	21	13
Q96II8	2	0	0
Q8IWI9	0	0	2
P42771	15	7	8
P62328	31	39	29
Q9HAB8	5	5	10
Q14247	21	25	17
P54727	70	75	52
Q14244	2	3	2
P54725	26	30	18
Q14241	0	4	7
Q14240	72	66	40
Q4V339	2	0	0
O00189	2	0	0
O00186	14	15	7
P13807	15	28	17
Q9BTZ2	3	0	0
O43278	7	5	6
P19105	34	57	31
P13804	44	45	42
P42766	7	12	11
P42765	28	20	19
Q92947	28	12	15
P62318	8	23	5
Q92945	40	38	53
P62316	6	27	7
P62314	16	16	12
P62312	21	11	15
P62310	3	2	2
Q14232	31	9	17
Q4V328	2	4	3
O00178	17	16	8
Q9BTY7	17	11	18
O00170	36	14	21
P48059	14	13	12
O43264	22	33	19
P62308	3	2	6
Q9H4G0	21	19	19
P62306	3	4	5
Q92934	3	2	0
Q16401	29	21	21
P54709	21	14	19
P62304	28	11	13
P54707	7	7	0
Q92930	0	0	2
P01833	0	4	0
O00165	9	18	9
Q04446	29	21	24
O00161	6	5	9
Q9BTX1	3	3	0
P48047	14	13	16
O43252	16	14	12
O43251	3	0	4
Q92925	9	0	4
Q96IF1	6	7	0
P32969	64	43	57
Q92922	18	29	17
O00159	46	40	55
Q9BTW9	15	18	10
Q9BU89	11	12	8
O00154	14	18	9
Q86XA9	0	9	0
O00151	79	74	63
P50336	3	4	0
P28482	25	35	21
O43242	53	99	39
Q02252	4	0	4
Q92917	9	5	6
Q8IWE4	0	2	0
Q8IWE2	2	4	0
Q14204	555	555	520
Q14203	62	58	60
Q5VVW2	0	2	0
Q14202	9	8	5
O00148	40	80	34
Q9BTV5	2	4	0
A2RUB6	0	2	0
Q9BTV4	11	17	12
O43237	47	29	58
Q02241	7	3	4
Q92905	17	11	19
Q92903	0	2	0
Q8WWZ3	3	0	3
Q92900	61	61	48
P07108	19	17	12
O00139	6	9	0
Q9BTU6	14	5	8
Q68E01	11	9	6
Q00059	10	18	6
Q8NHW5	27	0	0
Q6NZ67	4	3	3
Q8IWC1	0	0	4
Q8WWY3	17	6	12
Q53HC9	9	0	5
Q9BTT6	22	29	13
Q2TAL8	6	4	0
Q9BTT0	13	17	8
Q9H4B6	3	0	4
Q8IWB9	0	3	3
P42704	159	179	142
Q8IWB7	6	3	2
Q8NHV4	5	2	11
Q8TB72	4	10	3
Q99996	4	5	6
Q8IWB1	4	3	2
Q8WX93	11	10	9
Q8WX92	27	31	19
Q99990	0	0	4
O00116	50	12	25
O00115	4	4	5
P30740	24	17	13
Q02218	91	80	78
Q9H4A6	53	30	45
Q9H4A5	18	19	6
P18669	273	126	204
Q8NHU6	4	2	6
Q9H4A4	87	77	58
Q2VPB7	0	0	2
Q9H4A3	7	5	10
P20962	0	3	0
Q99988	9	3	2
Q8TB61	10	10	12
Q8IWA5	18	10	11
Q8IWA4	0	0	3
Q99986	0	3	3
Q99985	12	2	7
Q8IWA0	9	11	9
Q13796	4	0	0
Q13795	2	2	0
Q4VXU2	17	14	0
Q8TAT6	35	34	37
P49792	70	47	62
Q9NSK0	8	7	5
P49790	48	47	56
Q5VW38	0	0	3
Q5VW36	14	21	13
Q8WWV3	2	0	0
Q5VW32	25	22	16
Q0VGL1	4	0	0
Q9BU23	11	6	13
Q567V2	0	3	0
O95685	2	5	17
O95684	3	3	0
Q00013	0	2	0
Q99961	17	15	29
P08865	91	76	60
P30711	5	0	0
Q567U6	3	0	3
Q8TB37	6	0	7
P20936	21	11	18
P55199	2	4	0
Q8TB36	0	0	8
Q8NI36	9	8	7
O95678	8	8	10
Q8NI35	0	7	6
P26232	16	10	0
P55196	39	27	31
Q99959	6	7	4
P49773	8	10	9
Q9NSI2	3	0	0
O95674	0	4	2
P49770	6	6	5
Q5TGY3	3	0	0
O95671	2	0	0
Q9HA77	13	12	7
P16455	4	2	0
Q13769	7	0	5
Q15942	74	46	63
Q13765	23	14	13
P20929	0	2	0
Q8NHQ9	0	7	0
Q8NI27	4	5	5
Q8TB24	0	0	2
Q8TAQ2	22	34	32
Q8NI22	7	16	17
P49761	6	0	2
P18621	34	25	28
Q99943	4	6	3
Q9HA65	0	3	0
Q9HA64	4	4	20
Q68DH5	2	3	0
Q13753	52	31	32
Q13751	58	104	57
Q86X83	9	0	11
P12081	31	41	22
Q8NHP8	2	3	0
P49757	10	14	7
Q8TAP6	3	0	0
P49756	12	10	7
Q8NHP6	0	4	2
P49755	19	22	18
P49753	15	7	7
P18615	10	14	6
P49750	17	13	12
Q99933	7	0	8
P16435	33	45	27
Q6IAN0	16	17	9
Q13740	8	21	8
Q86X76	10	7	10
Q9BTM1	0	39	0
P49748	81	94	80
P49747	0	3	0
Q9H3Z4	12	9	12
Q9HA47	0	0	3
Q01780	13	15	12
P16422	28	39	27
A6NHR9	44	39	30
Q15910	3	2	0
Q9UFW8	4	0	3
Q13733	0	26	0
Q9BTL3	4	4	3
O95639	0	3	0
P49736	39	40	39
Q96HY7	18	18	24
Q96HY6	11	14	6
Q9NSE4	67	62	49
O95630	6	6	7
Q15907	14	7	14
Q15904	4	2	0
P61803	0	2	0
Q13724	80	91	89
A6NHQ2	0	0	4
Q86X55	9	10	13
Q5XKP0	10	11	5
Q9NSD9	42	35	34
Q5VIR6	34	21	25
Q9H497	0	6	0
Q96I99	8	12	8
O95628	2	0	0
P55145	17	26	11
O95625	0	0	2
Q9H490	5	6	7
P49721	48	19	25
Q58FG1	0	11	211
P49720	31	26	19
Q07065	16	37	24
Q58FG0	33	0	23
Q8IW92	0	2	2
P16403	26	31	57
P16402	22	21	24
P16401	15	17	17
A2RU67	2	0	0
Q53H96	8	9	5
Q9UG63	12	8	8
Q9H488	27	16	20
P27987	3	0	0
Q58FF8	29	35	0
P27986	2	4	0
Q58FF7	472	0	0
Q58FF6	0	0	166
Q96HW7	0	3	0
Q9NSC5	2	3	0
P35580	44	69	51
Q58FF3	13	17	14
P84098	10	15	12
P49711	14	4	6
O95613	0	0	2
P84095	9	9	4
P84090	18	12	21
P35579	376	416	321
Q86WR7	3	4	2
Q53H82	3	5	0
P35573	7	6	8
Q86WR0	2	0	0
Q2TAA5	0	0	3
Q2TAA2	12	6	7
Q9NSB2	6	0	6
Q8WWM7	11	10	18
O95602	2	4	2
P84085	114	38	92
P14209	0	0	3
Q86X29	11	6	4
A5PLN9	3	0	0
Q9H467	0	2	0
Q86WQ0	6	5	5
P04424	15	6	11
Q9H3U1	29	42	25
P25789	48	20	38
P25788	21	21	13
P84077	212	99	191
P25787	64	71	64
Q8IVU3	0	3	0
P25786	61	47	55
P68871	5	11	5
P43155	3	0	4
Q96I59	2	0	2
Q86X10	14	8	15
Q8WWK9	9	5	8
Q96I51	0	2	0
Q8IVT2	4	5	3
Q07021	187	213	121
Q07020	13	16	14
Q6P597	7	6	4
P12004	276	85	177
Q8NHH9	8	10	5
Q9H3S7	20	12	14
P04406	4361	1830	3597
Q9H446	4	0	0
Q9H444	13	7	8
Q8IW45	5	8	2
Q96HS1	9	3	4
Q8IVS2	3	0	3
P99999	26	19	27
P23588	73	89	67
Q53GS9	32	19	21
Q9BTE7	15	13	3
Q9BTE6	5	2	0
Q53GS7	2	0	3
Q9BTE3	24	18	16
Q6P587	9	11	11
Q9BTE1	2	0	3
Q8TAG9	2	5	3
Q96HR9	0	2	0
Q6P582	0	3	0
Q8IW35	4	3	3
Q8WWI5	5	0	0
Q07000	43	35	36
P21399	87	85	58
Q9BTD8	8	17	10
P21397	25	32	35
P13798	19	18	10
P13797	162	140	135
P35527	10	46	17
P13796	0	9	0
P43121	70	84	63
Q9H425	2	0	0
P35520	10	9	6
Q8TAF3	0	0	2
Q96I25	0	0	3
Q96I24	34	36	26
Q9H3Q1	2	0	0
Q9BTC8	5	2	4
Q9UFN0	3	0	0
Q9BTC0	12	19	14
Q8TAE8	3	4	3
Q9H3P7	34	33	18
Q53GQ0	44	21	27
Q8IW19	2	0	0
Q6NYC8	22	26	13
Q96I15	2	0	2
Q9H3P2	10	19	11
Q8IVP5	2	0	0
Q9H410	3	0	3
Q16394	3	0	0
Q96HP0	3	0	0
P84022	25	0	0
P31153	17	47	16
P31150	108	108	79
Q53H12	26	20	15
Q9NRZ9	5	5	0
P31146	8	10	6
P54687	30	33	22
P62280	28	28	25
Q9BTA9	4	0	0
Q68CZ6	10	0	3
Q68CZ2	55	56	36
Q9NRY5	8	4	6
Q9NRY4	21	38	22
P11586	134	113	179
P33316	8	9	9
Q6IAA8	7	5	5
Q9H3N1	10	12	11
P62277	25	33	28
Q7KZN9	0	3	4
Q96HN2	8	5	8
P62273	5	3	6
Q14192	35	31	32
P21359	10	6	10
Q5XKE5	7	9	7
Q6P4R8	3	0	0
Q9NRX4	13	10	14
P62269	21	20	15
Q9NRX2	2	0	3
Q92896	27	35	33
Q9NRX1	6	0	3
P62266	90	64	104
Q16363	0	0	2
P25705	149	126	224
P62263	38	31	39
Q8IVM0	0	0	2
P07099	14	15	14
Q92890	8	7	4
Q14185	5	0	0
P23528	260	698	243
P23527	9	0	11
Q06587	6	0	5
P23526	69	89	49
Q14181	2	2	2
P15927	15	16	16
P15924	39	36	24
Q6P4Q7	2	0	2
P13746	38	41	29
Q9NS87	3	5	0
Q9NRW7	18	7	18
Q9NS86	17	10	15
Q92889	2	0	3
Q92888	35	31	22
Q9NRW3	5	0	6
Q5JWF2	57	49	51
Q8IVL6	4	0	0
P62258	331	290	278
Q8IVL5	0	0	4
Q9NRW1	5	0	0
P62256	8	2	5
Q16352	6	2	2
Q8WWC4	4	5	3
Q92882	15	13	9
P62253	5	8	4
Q08752	13	16	9
P54652	69	72	58
Q6IN85	13	11	9
Q6IN84	2	2	4
Q53GL7	0	0	4
P21333	740	755	652
Q9NRV9	10	9	9
Q6ULP2	2	3	0
Q9H3K6	14	9	13
P42695	5	6	8
P42694	4	5	0
Q92879	11	28	4
Q92878	17	21	19
P62249	18	32	42
Q8WWB7	2	0	0
Q14168	2	4	3
P62244	56	18	35
Q14166	48	22	32
Q14165	22	11	8
P54646	5	0	0
P62241	45	22	24
Q14161	8	5	4
Q14160	58	40	56
P13726	88	74	52
Q9NS69	4	11	5
P19022	5	6	4
P50281	4	0	0
P42684	0	2	0
Q14157	32	38	35
Q14156	0	2	0
Q14155	18	6	21
Q14152	84	124	88
Q9UFG5	7	0	3
P13716	5	6	2
P42677	5	8	4
O43181	8	5	10
Q52LW3	16	10	13
Q14149	8	0	0
Q7KZI7	10	15	11
P09234	2	3	2
Q14146	7	22	7
Q14141	22	34	22
Q06546	6	0	2
O43175	40	53	34
Q96HH9	5	0	0
O43172	15	9	11
Q9H3H3	6	2	3
Q92845	0	2	2
Q14139	10	7	10
Q92844	2	0	2
P54619	12	13	4
Q14137	28	40	17
Q92841	36	50	28
P60033	7	16	9
Q9BSY9	0	0	2
P52435	0	7	4
Q9BSY4	5	0	3
O43169	28	41	23
Q9H3G5	16	31	10
Q1KMD3	29	17	20
Q9NRR5	25	30	15
Q8IVG5	2	0	0
P03915	5	7	15
Q14126	25	18	17
P09211	84	44	68
P52429	0	3	0
O43159	2	3	6
Q53GG5	0	0	2
Q6KC79	18	14	13
O43156	26	31	14
Q86WB0	12	13	10
O43150	11	12	7
Q14119	2	0	5
Q14118	2	0	0
Q8IVF2	24	30	25
P03905	0	0	2
Q7KZF4	138	129	118
Q92820	14	6	6
Q14112	2	0	3
P30685	40	0	35
Q68CQ7	3	0	2
O96019	25	24	18
Q68CQ4	0	5	2
Q86WA8	0	2	0
O96018	0	3	0
O43149	6	3	0
Q86WA6	6	0	3
O43148	3	12	0
Q9UFC0	4	4	2
O96013	25	9	8
O96011	0	3	0
O43143	78	59	46
Q96HE7	78	66	65
Q92817	34	33	23
Q9NRP2	0	0	2
Q9NRP0	3	4	0
Q6IA86	7	14	8
P38159	4	4	5
Q14108	3	3	6
Q14103	61	34	50
P60002	0	5	0
Q9BT78	23	23	17
O96008	28	53	22
O96007	3	3	0
Q04323	37	17	23
Q9BT73	3	4	2
O96005	22	19	16
P50224	3	0	0
P28370	6	0	0
P26196	66	51	36
O96000	9	20	9
Q8IVD9	18	12	8
Q92805	0	3	5
Q92804	18	7	8
Q96HD1	7	3	6
Q68D06	16	0	0
Q9BSU1	0	4	0
P50213	28	42	33
Q9NRN7	6	4	5
Q96HC4	37	37	32
Q8WVY7	9	12	11
P18583	3	3	2
Q9BST9	10	5	9
Q02127	6	0	2
P40429	21	17	15
Q6NXT6	5	4	0
Q6NXT4	3	5	0
Q6NXT1	2	0	0
P28347	4	0	0
P28340	32	26	25
Q6P4F2	0	0	2
Q96HA7	13	15	7
Q9NRL3	14	7	12
Q9NRL2	6	0	4
P18564	8	9	6
Q96HA1	9	8	4
A0MZ66	2	2	0
P38117	25	19	14
Q6NXS1	2	0	4
Q99880	9	12	0
Q5VV42	7	10	6
Q5VV41	7	4	5
P28331	21	20	17
Q9NRK6	5	8	5
P51991	17	27	25
Q6P4E1	3	0	2
Q8WVV9	16	15	16
Q99879	9	12	11
Q99878	0	39	0
Q99877	9	12	11
Q6NXR4	3	4	4
Q99873	41	28	25
P08779	11	22	17
P61769	37	36	17
P61764	10	4	7
P30626	8	12	11
Q13685	2	4	5
P30622	25	13	32
Q9BT25	3	3	4
Q9BSQ5	11	0	8
Q9BT22	6	4	4
