Intensity LN1_R1	Intensity LN1_R2	Intensity LN1_R3	Intensity mock_R1	Intensity mock_R2	Intensity mock_R3	Only identified by site	Reverse	Contaminant	T-test Two-sample p-value significant	T-test Two-sample FDR significant	One-sample t-test Significant	Peptides	Peptide counts (unique)	t-test p value	t-test Difference	t-test p value_	t-test Difference_	t-test p value__	t-test Difference__	Protein IDs	Majority protein IDs	Protein names	Gene names	Proteins	Sequence coverage [%]	Mol. weight [kDa]	Sequence length	Best MS/MS	MS/MS IDs
LN1	LN1	LN1	SCC-9	SCC-9	SCC-9																								
20.56486	21.70658	20.98106	20.85939	21.45643	23.40912						+	1	NaN	0.381620842	-0.824147542	0.381620842	-0.824147542	5.26E-08	21.49623934	A6NGX9;O75038-5	A6NGX9;O75038-5		PLCH2	2	2.4	53.167	499	658	658;659
26.4901	26.30095	25.69684	25.39447	NaN	NaN						+	1	NaN	1	0.768155416	1	0.768155416	2.11E-06	25.97058868	A6NNF7;P51172-2;P51172	A6NNF7;P51172-2;P51172	Amiloride-sensitive sodium channel subunit delta	SCNN1D	3	1.1	87.849	802	16	16
22.41486	23.81225	21.81523	18.0524	NaN	NaN						+	1	NaN	1	4.628381093	1	4.628381093	0.000407167	21.5236845	P18124;A8MUD9	P18124;A8MUD9	60S ribosomal protein L7	RPL7	2	7.7	29.225	248	1043	1043;1044
28.806	27.89914	28.08887	26.83183	NaN	26.73841				+		+	1	NaN	0.025743283	1.479547501	0.025743283	1.479547501	2.44E-07	27.67284851	Q5VU57-2;Q5VU57;B1AMW3;B1ANV5	Q5VU57-2;Q5VU57;B1AMW3;B1ANV5	Cytosolic carboxypeptidase 6	AGBL4	4	5.3	58.504	506	638	638
21.07025	NaN	NaN	21.38369	NaN	19.98231						+	1	NaN	1	0.387249947	1	0.387249947	0.00041604	20.81208483	P35030;P35030-4;P35030-2;P35030-3;F8W7P3;B1AN99	P35030;P35030-4;P35030-2;P35030-3;F8W7P3;B1AN99	Trypsin-3	PRSS3	6	4.3	32.528	304	1106	1106
19.59206	19.16042	18.77185	15.99998	NaN	NaN						+	1	NaN	1	3.174798012	1	3.174798012	0.000188224	18.38107657	Q99707;B7ZLW7;B1ANE3	Q99707;B7ZLW7;B1ANE3	Methionine synthase	MTR	3	0.6	140.53	1265	170	170
NaN	21.12105	21.58916	NaN	NaN	NaN						+	1	1	1	NaN	1	NaN	0.006977265	21.35510445	B3KRG5	B3KRG5		RBMX	1	3.5	28.019	256	679	679
NaN	NaN	NaN	20.17097	20.27014	NaN						+	1	NaN	1	NaN	1	NaN	0.001561102	20.22055149	P35222;B4DGU4	P35222;B4DGU4	Catenin beta-1	CTNNB1	2	1.5	85.496	781	1020	1019;1020
18.8368	21.91331	NaN	NaN	NaN	NaN						+	1	NaN	1	NaN	1	NaN	0.047971946	20.37505341	P31942;P31942-2;P31942-3;B4DHY1;P31942-4	P31942;P31942-2;P31942-3;B4DHY1;P31942-4	Heterogeneous nuclear ribonucleoprotein H3	HNRNPH3	5	4	36.926	346	151	151
NaN	NaN	NaN	21.83275	NaN	22.46613						+	1	NaN	1	NaN	1	NaN	0.009101595	22.14944077	P62258;I3L3T1;B4DJF2;I3L0W5	P62258;I3L3T1;B4DJF2;I3L0W5	14-3-3 protein epsilon	YWHAE	4	4.7	29.174	255	643	642;643
NaN	NaN	NaN	18.73856	18.54683	NaN						+	2	NaN	1	NaN	1	NaN	0.003273558	18.64269829	Q86X29;Q86X29-4;Q86X29-3;Q86X29-2;Q86X29-5;S4R3V8;B4DKL4	Q86X29;Q86X29-4;Q86X29-3;Q86X29-2;Q86X29-5;S4R3V8;B4DKL4	Lipolysis-stimulated lipoprotein receptor	LSR	7	3.2	71.438	649	462;929	462;929
19.24081	22.3531	NaN	NaN	NaN	NaN						+	1	NaN	1	NaN	1	NaN	0.047546819	20.79695797	P15559;H3BNV2;P15559-2;P15559-3;B4DLR8	P15559;H3BNV2;P15559-2;P15559-3;B4DLR8	NAD(P)H dehydrogenase [quinone] 1	NQO1	5	4	30.867	274	228	228
23.49741	24.85752	21.59418	22.88606	21.74739	21.85422						+	5	NaN	0.318548247	1.153813044	0.318548247	1.153813044	1.20E-07	22.7394654	P0CG48;F5H041;Q96C32;J3QRK5;P0CG47;J3QLP7;J3QKN0;F5GXK7;F5H747;P62979;F5H388;B4DV12;F5H265;F5H2Z3;F5GYU3;P62987;F5H6Q2;J3QTR3;J3QS39;M0R1V7;F5GZ39;J3QSA3;M0R2S1;M0R1M6;K7EMA8	P0CG48;F5H041;Q96C32;J3QRK5;P0CG47;J3QLP7;J3QKN0;F5GXK7;F5H747;P62979;F5H388;B4DV12;F5H265;F5H2Z3;F5GYU3;P62987;F5H6Q2;J3QTR3;J3QS39;M0R1V7;F5GZ39;J3QSA3	Polyubiquitin-C;Ubiquitin;Polyubiquitin-B;Ubiquitin;Ubiquitin-40S ribosomal protein S27a;Ubiquitin;40S ribosomal protein S27a;Ubiquitin-60S ribosomal protein L40;Ubiquitin;60S ribosomal protein L40	UBC;UBB;RPS27A;UBA52	25	63.1	77.038	685	465;577;998;999;1014	463;464;465;577;997;998;999;1014
21.05165	21.3978	NaN	NaN	NaN	NaN						+	3	NaN	1	NaN	1	NaN	0.005191131	21.22472954	P07910;P07910-2;B4DY08;G3V4W0;G3V2Q1;G3V4C1;P07910-4;G3V576;P07910-3;G3V2D6;G3V5V7;G3V575;G3V555;B4DSU6;G3V251;G3V3K6;G3V5X6	P07910;P07910-2;B4DY08;G3V4W0;G3V2Q1;G3V4C1;P07910-4;G3V576;P07910-3;G3V2D6;G3V5V7	Heterogeneous nuclear ribonucleoproteins C1/C2	HNRNPC	17	15.4	33.67	306	584;661;759	584;661;759
23.00034	25.82428	22.54163	NaN	NaN	NaN						+	7	NaN	1	NaN	1	NaN	0.001856221	23.78875033	Q9UJZ1;B4E1K7;F2Z2I8	Q9UJZ1;B4E1K7	Stomatin-like protein 2	STOML2	3	19.9	38.534	356	93;120;121;123;185;187;747	93;120;121;122;123;185;186;187;188;747
18.49568	20.78883	NaN	19.39247	NaN	NaN						+	2	NaN	1	0.249791145	1	0.249791145	0.001161584	19.55899493	P31431;P31431-2;B4E1S6	P31431;P31431-2;B4E1S6	Syndecan-4;Syndecan	SDC4	3	11.6	21.641	198	51;514	50;51;514
22.26313	23.48971	21.4038	NaN	NaN	NaN						+	1	NaN	1	NaN	1	NaN	0.00073024	22.385547	B7Z4C8;P62899-2;P62899;P62899-3;B7Z4E3;C9JU56;H7C2W9;B8ZZK4	B7Z4C8;P62899-2;P62899;P62899-3;B7Z4E3;C9JU56;H7C2W9;B8ZZK4	60S ribosomal protein L31	RPL31	8	6.9	15.118	130	815	814;815
21.73744	21.7628	NaN	18.96908	19.46523	NaN				+		+	4	NaN	0.009480603	2.532962799	0.009480603	2.532962799	0.000102742	20.4836359	P06454;P06454-2;B8ZZQ6;H7C2N1;B8ZZW7;B8ZZA1	P06454;P06454-2;B8ZZQ6;H7C2N1;B8ZZW7;B8ZZA1	Prothymosin alpha;Thymosin alpha-1	PTMA	6	28.8	12.203	111	773;774;826;828	773;774;825;826;827;828
20.31849	22.12884	NaN	NaN	NaN	NaN						+	1	NaN	1	NaN	1	NaN	0.027134912	21.22366238	O43324;C9J1V9;D6RBD7;O43324-2	O43324;C9J1V9;D6RBD7;O43324-2	Eukaryotic translation elongation factor 1 epsilon-1	EEF1E1	4	6.3	19.81	174	1	1
NaN	19.75416	20.65901	NaN	NaN	NaN						+	1	NaN	1	NaN	1	NaN	0.014251522	20.20658493	Q14847-2;O76041-2;Q14847;C9J9W2;F6S2S5	Q14847-2;O76041-2;Q14847;C9J9W2;F6S2S5	LIM and SH3 domain protein 1	LASP1	5	3.1	36.014	323	520	520
26.26657	26.23998	25.48717	NaN	24.2776	24.56651				+		+	1	NaN	0.019985607	1.575847944	0.019985607	1.575847944	4.21E-07	25.36756592	Q15233;Q15233-2;C9JYS8;H7C367	Q15233;Q15233-2;C9JYS8;H7C367	Non-POU domain-containing octamer-binding protein	NONO	4	3.2	54.231	471	363	363
23.62064	25.41873	22.05215	NaN	NaN	25.19073						+	1	1	1	-1.493550618	1	-1.493550618	7.55E-05	24.07056427	C9K0F9	C9K0F9		KAT6A	1	1.8	84.131	728	1098	1098
32.05297	32.57066	32.32082	30.45503	30.49933	30.87964			+	+	+	+	5	5	0.001067611	1.703481038	0.001067611	1.703481038	5.65E-09	31.46307755	CON__P00761	CON__P00761			1	25.1	24.409	231	436;444;566;618;1078	433;434;435;436;437;438;439;440;441;442;443;444;562;563;564;565;566;567;568;569;570;571;572;617;618;619;1071;1072;1073;1074;1075;1076;1077;1078
18.69598	22.03554	21.82073	18.44419	NaN	17.78174			+			+	2	2	0.148442519	2.737782796	0.148442519	2.737782796	2.55E-05	19.75563622	CON__P01966	CON__P01966			1	18.3	15.184	142	1090;1109	1089;1090;1109
20.67116	20.93272	21.91634	NaN	NaN	NaN			+			+	2	NaN	1	NaN	1	NaN	0.000320356	21.1734066	CON__Q3SX09;CON__P02070	CON__Q3SX09;CON__P02070			2	12.4	22.06	201	593;1099	592;593;594;1099
NaN	23.27739	18.88157	21.49717	21.82509	22.32641			+			+	8	NaN	0.662916441	-0.803405126	0.662916441	-0.803405126	8.01E-06	21.56152611	CON__P02533;P02533;CON__Q04695;Q04695;K7EPJ9;K7ENV3;K7ESE1	CON__P02533;P02533	"Keratin	 type I cytoskeletal 14"	KRT14	7	18.9	51.621	472	68;92;330;452;482;537;1136;1137	68;92;330;452;482;537;1135;1136;1137;1138
18.11502	27.88919	24.48536	21.43832	22.59621	23.03523			+			+	19	NaN	0.714667679	1.139935811	0.714667679	1.139935811	1.17E-05	22.92655691	CON__P02538;P02538;CON__P48668;P48668;CON__O95678;O95678;CON__Q8VED5;CON__Q5XKE5;Q5XKE5;CON__P07744;F8W0C6;F8W1U3;F8VUG2;CON__Q6ISB0;CON__Q9NSB2;Q9NSB2;CON__P78386;P78386;CON__Q14533;Q14533;CON__P78385;CON__Q6NT21;P78385;CON__O43790;O43790;CON__Q61726;CON__P08729;CON__Q3KNV1;P08729;CON__Q9DCV7;CON__H-INV:HIT000292931;P14136-2;P14136;P14136-3;K7EKH9;K7EJU1;K7ELP4;B4DIR1;F8VRG4;U3KPR1	CON__P02538;P02538;CON__P48668;P48668	"Keratin	 type II cytoskeletal 6A;Keratin	 type II cytoskeletal 6C"	KRT6A;KRT6C	40	41.1	60.044	564	31;33;56;86;102;235;477;516;550;595;612;726;731;733;770;777;864;912;974	31;33;56;86;102;235;477;516;550;551;595;612;726;727;731;732;733;734;735;770;777;778;864;911;912;974
NaN	21.20938	22.94308	NaN	NaN	NaN			+			+	2	2	1	NaN	1	NaN	0.024984921	22.0762291	CON__P02662	CON__P02662			1	12.1	22.975	199	226;1167	226;1167
22.24528	19.98398	23.44834	20.001	22.25269	24.22839			+			+	2	2	0.874118969	-0.268158595	0.874118969	-0.268158595	6.66E-07	22.02661355	CON__P02668	CON__P02668			1	17.2	18.974	169	820;922	820;821;822;920;921;922
20.62203	NaN	20.3063	NaN	21.59491	23.84048			+			+	3	3	0.185208873	-2.253529549	0.185208873	-2.253529549	0.000110969	21.59093046	CON__P02754	CON__P02754			1	17.3	18.281	162	615;1032;1033	614;615;1032;1033
26.11914	26.25818	25.17782	26.47891	26.48112	25.75763			+			+	14	11	0.404408265	-0.387505849	0.404408265	-0.387505849	5.77E-10	26.04546674	CON__P02769	CON__P02769			1	26.7	69.293	607	79;136;143;316;531;559;573;632;784;898;984;1039;1169;1179	78;79;80;136;143;316;531;532;559;573;632;782;783;784;897;898;899;983;984;1039;1169;1179
19.40404	24.34658	24.13899	NaN	NaN	NaN			+			+	5	NaN	1	NaN	1	NaN	0.005048482	22.62987073	CON__P12763;P02765	CON__P12763			2	18.4	38.418	359	137;355;403;406;1038	137;354;355;403;405;406;1037;1038
24.02943	26.894	23.94253	23.08102	23.58623	22.71091			+			+	12	NaN	0.142038845	1.829264323	0.142038845	1.829264323	1.93E-07	24.0406882	CON__P13645;P13645;CON__P02535-1	CON__P13645;P13645	"Keratin	 type I cytoskeletal 10"	KRT10	3	27.2	59.51	593	69;337;341;537;590;748;870;925;926;928;1136;1137	69;334;335;336;337;338;339;341;537;590;748;870;925;926;927;928;1135;1136;1137;1138
21.38036	29.00359	21.70961	NaN	21.75536	16.78213			+			+	17	NaN	0.289251449	4.762445768	0.289251449	4.762445768	0.000349932	22.12621002	CON__P13646-1;A8MT21;B3KRA2;C9JTG5;K7EQH6;K7EMJ2	CON__P13646-1			6	50	49.586	458	68;141;221;471;608;662;719;812;838;900;955;985;986;994;1013;1101;1160	68;141;142;221;471;608;609;662;719;720;811;812;837;838;900;955;956;985;986;994;1012;1013;1101;1102;1160
27.09446	29.04106	26.35202	27.32483	27.66519	27.32766			+			+	14	NaN	0.947609836	0.056618373	0.947609836	0.056618373	7.57E-09	27.46753724	CON__P60712;P60709;E7EVS6;G5E9R0;P62736;P68032;P68133;P63267;Q5T8M7;A6NL76;Q5T8M8;C9JZR7;C9JUM1;C9JTX5;F6QUT6;F6UVQ4;C9JFL5;B8ZZJ2;F8WB63;Q6S8J3;P63267-2;A5A3E0;P0CG38;F8WCH0;Q9BYX7;P0CG39	CON__P60712;P60709;E7EVS6;G5E9R0;P62736;P68032;P68133;P63267;Q5T8M7;A6NL76;Q5T8M8;C9JZR7;C9JUM1;C9JTX5;F6QUT6;F6UVQ4;C9JFL5;B8ZZJ2;F8WB63	"Actin	 cytoplasmic 1;Actin	 cytoplasmic 1	 N-terminally processed;Actin	 aortic smooth muscle;Actin	 alpha cardiac muscle 1;Actin	 alpha skeletal muscle;Actin	 gamma-enteric smooth muscle"	ACTB;ACTA2;ACTC1;ACTA1;ACTG2	26	40.8	41.736	375	41;44;127;149;150;162;174;177;386;396;557;684;965;1068	41;42;43;44;127;128;149;150;162;173;174;175;176;177;178;179;180;181;386;387;388;389;390;391;392;393;394;395;396;397;398;399;557;682;683;684;964;965;966;967;968;969;970;1068;1069
23.28065	23.84221	21.96109	23.23529	21.9421	21.11636			+			+	8	NaN	0.325871946	0.930067698	0.325871946	0.930067698	4.54E-08	22.56294886	CON__Q86YZ3;Q86YZ3	CON__Q86YZ3;Q86YZ3	Hornerin	HRNR	2	12.7	282.39	2850	327;328;365;367;370;876;943;945	327;328;365;366;367;368;369;370;876;941;942;943;944;945
26.49753	28.09391	28.88125	NaN	NaN	NaN			+			+	3	NaN	1	NaN	1	NaN	0.000634501	27.82423019	CON__Q99456;Q99456	CON__Q99456;Q99456	"Keratin	 type I cytoskeletal 12"	KRT12	2	16.6	53.511	494	320;985;1160	319;320;321;322;985;1160
22.83794	20.78389	NaN	NaN	NaN	NaN						+	2	NaN	1	NaN	1	NaN	0.029954846	21.81091404	F8W727;P62910;D3YTB1;D3YTI8	F8W727;P62910;D3YTB1;D3YTI8	60S ribosomal protein L32	RPL32	4	17.6	17.962	153	15;232	15;232
NaN	23.25537	NaN	22.92025	24.04185	23.31299						+	3	NaN	1	-0.169659932	1	-0.169659932	2.27E-06	23.38261604	E7EX29;P63104;E7ESK7;E7EVZ2;E9PD24;E5RIR4;E5RGE1	E7EX29;P63104;E7ESK7;E7EVZ2;E9PD24;E5RIR4;E5RGE1	14-3-3 protein zeta/delta	YWHAZ	7	15.9	28.036	246	544;648;963	544;545;546;647;648;963
20.19075	22.16174	19.96762	NaN	20.26339	NaN						+	1	NaN	1	0.509981155	1	0.509981155	3.30E-05	20.64587355	P62263;E5RH77;H0YB22	P62263;E5RH77;H0YB22	40S ribosomal protein S14	RPS14	3	7.3	16.273	151	1036	1036
20.29244	20.92209	19.81315	NaN	NaN	NaN						+	1	NaN	1	NaN	1	NaN	0.000249064	20.34256045	P61313;E7ENU7;E7EQV9;P61313-2;E7EX53	P61313;E7ENU7;E7EQV9;P61313-2;E7EX53	60S ribosomal protein L15;Ribosomal protein L15	RPL15	5	7.8	24.146	204	268	268;269
NaN	NaN	NaN	20.29524	20.19868	NaN						+	1	NaN	1	NaN	1	NaN	0.001518044	20.24696445	P15311;E7EQR4	P15311;E7EQR4	Ezrin	EZR	2	2	69.412	586	790	790
21.72438	22.3503	19.43368	NaN	19.14408	NaN						+	2	NaN	1	2.025376638	1	2.025376638	0.000130078	20.66310787	P05362;E7ESS4	P05362;E7ESS4	Intercellular adhesion molecule 1	ICAM1	2	4.1	57.825	532	160;348	160;348
19.6953	22.43186	NaN	NaN	NaN	NaN						+	2	NaN	1	NaN	1	NaN	0.041296444	21.06358147	P62847-4;P62847;P62847-3;E7ETK0;P62847-2	P62847-4;P62847;P62847-3;E7ETK0;P62847-2	40S ribosomal protein S24	RPS24	5	6.9	32.43	289	521;678	521;677;678
19.47346	21.47194	NaN	NaN	NaN	NaN						+	3	NaN	1	NaN	1	NaN	0.031047817	20.47270107	P04406;P04406-2;E7EUT5	P04406;P04406-2;E7EUT5	Glyceraldehyde-3-phosphate dehydrogenase	GAPDH	3	12.8	36.053	335	267;432;1045	267;432;1045
22.171	24.63766	21.65788	NaN	NaN	NaN						+	1	NaN	1	NaN	1	NaN	0.001620188	22.82217725	Q9BPU6;E7EWB4	Q9BPU6;E7EWB4	Dihydropyrimidinase-related protein 5	DPYSL5	2	1.2	61.421	564	157	157
22.0867	24.36112	21.43359	20.27946	20.87155	NaN						+	2	NaN	0.176850025	2.051633835	0.176850025	2.051633835	6.52E-06	21.8064846	E9PRY8;P29692-2;P29692;P29692-4;E9PK01;P29692-3;E9PQZ1;E9PI39;E9PQ49;E9PL71;E9PL12;E9PPR1;E9PK06;H0YCK7;E9PIZ1;E9PMW7;E9PN91;E9PK72;E9PKK3	E9PRY8;P29692-2;P29692;P29692-4;E9PK01;P29692-3;E9PQZ1;E9PI39;E9PQ49;E9PL71;E9PL12;E9PPR1;E9PK06;H0YCK7;E9PIZ1;E9PMW7;E9PN91;E9PK72;E9PKK3	Elongation factor 1-delta	EEF1D	19	3.9	76.569	697	117;265	117;265
21.07744	23.76385	NaN	NaN	NaN	NaN						+	2	NaN	1	NaN	1	NaN	0.038093893	22.42064667	P50454;E9PPV6;E9PR70;E9PMI5;E9PK86;E9PNX1;E9PRS3;E9PIG2;E9PJH8;E9PQ34	P50454;E9PPV6;E9PR70;E9PMI5;E9PK86;E9PNX1;E9PRS3;E9PIG2;E9PJH8;E9PQ34	Serpin H1	SERPINH1	10	8.9	46.44	418	131;634	131;633;634
21.01407	23.7964	18.51449	NaN	20.20419	21.06579						+	3	NaN	0.827769689	0.47332859	0.827769689	0.47332859	1.65E-05	20.91898689	P11142;E9PKE3;P11142-2;E9PN89;P54652;E9PLF4;E9PK54;E9PQK7;E9PQQ4;E9PI65;E9PPY6;E9PN25	P11142;E9PKE3;P11142-2;E9PN89;P54652;E9PLF4;E9PK54;E9PQK7;E9PQQ4;E9PI65	Heat shock cognate 71 kDa protein;Heat shock-related 70 kDa protein 2	HSPA8;HSPA2	12	6	70.897	646	144;431;1127	144;430;431;1127
NaN	21.32086	20.60829	NaN	NaN	NaN						+	1	NaN	1	NaN	1	NaN	0.010818103	20.96457386	P00338-3;P00338;P00338-2;P00338-5;F5GXY2;F5GYU2;F5GXH2	P00338-3;P00338;P00338-2;P00338-5;F5GXY2;F5GYU2;F5GXH2	L-lactate dehydrogenase A chain	LDHA	7	2.5	39.837	361	625	625
NaN	21.05265	NaN	20.20335	20.25788	NaN						+	2	NaN	1	0.822036743	1	0.822036743	0.000179122	20.50462596	P08195-4;J3KPF3;P08195;F5GZS6;P08195-3;P08195-2;H0YFS2;F5H0E2;F5H867;F5GZR9	P08195-4;J3KPF3;P08195;F5GZS6;P08195-3;P08195-2;H0YFS2;F5H0E2;F5H867;F5GZR9	4F2 cell-surface antigen heavy chain	SLC3A2	10	3.9	71.122	661	262;449	262;449;450
25.09527	24.58164	24.66248	24.83359	24.67751	23.96146						+	1	NaN	0.407194779	0.288942973	0.407194779	0.288942973	1.80E-10	24.63532575	Q12912;Q12912-2;F5H006;F8W9L6	Q12912;Q12912-2;F5H006;F8W9L6	Lymphoid-restricted membrane protein;Processed lymphoid-restricted membrane protein	LRMP	4	1.4	62.121	555	1133	1133
21.04126	23.20367	20.04674	NaN	NaN	NaN						+	3	NaN	1	NaN	1	NaN	0.001885496	21.43055534	P98095-2;F5H1F3;P98095	P98095-2;F5H1F3;P98095	Fibulin-2	FBLN2	3	2.4	131.86	1231	361;798;810	360;361;798;810
20.49668	23.16979	NaN	20.78301	NaN	NaN			+			+	4	NaN	1	1.050225258	1	1.050225258	0.001552117	21.48315875	F5H5D3;Q71U36;Q9BQE3;Q71U36-2;CON__ENSEMBL:ENSBTAP00000016242;P68363;Q13748;Q13748-2;C9J2C0;Q6PEY2;Q9NY65;Q9NY65-2;F8VVB9;F8VQQ4;F8VS66;F8VRZ4;F8VWV9;F8VX09;P68366;A8MUB1;C9JJQ8;C9JQ00;C9JEV8;C9JDL2;F8VRK0;C9K0S6	F5H5D3;Q71U36;Q9BQE3;Q71U36-2;CON__ENSEMBL:ENSBTAP00000016242;P68363;Q13748;Q13748-2;C9J2C0;Q6PEY2;Q9NY65;Q9NY65-2;F8VVB9;F8VQQ4;F8VS66;F8VRZ4;F8VWV9;F8VX09	Tubulin alpha-1A chain;Tubulin alpha-1C chain;Tubulin alpha-1B chain;Tubulin alpha-3C/D chain;Tubulin alpha-3E chain;Tubulin alpha-8 chain	TUBA1C;TUBA1A;TUBA1B;TUBA3C;TUBA8;TUBA3E	26	11.4	57.73	519	129;184;769;996	129;184;768;769;996
22.81486	25.59221	20.43858	NaN	NaN	NaN						+	5	NaN	1	NaN	1	NaN	0.004184832	22.94854673	P06576;F8VPV9;H0YH81;F8W079;F8W0P7;F8VQY0	P06576;F8VPV9;H0YH81;F8W079	"ATP synthase subunit beta	 mitochondrial;ATP synthase subunit beta"	ATP5B	6	14.6	56.559	529	52;458;991;1065;1105	52;53;458;991;1065;1066;1105
19.08921	20.4244	18.25059	21.21679	21.33489	20.3567						+	2	NaN	0.071549214	-1.714733124	0.071549214	-1.714733124	1.72E-07	20.11209615	P09651;P09651-2;F8W6I7;P09651-3;H0YH80	P09651;P09651-2;F8W6I7;P09651-3;H0YH80	Heterogeneous nuclear ribonucleoprotein A1	HNRNPA1	5	9.1	38.746	372	741;934	740;741;934
NaN	NaN	NaN	18.45752	18.74126	NaN						+	1	NaN	1	NaN	1	NaN	0.004855913	18.59939003	P35221-2;P35221;G3XAM7;F8W845;P35221-3	P35221-2;P35221;G3XAM7;F8W845;P35221-3	Catenin alpha-1	CTNNA1	5	1.4	102.63	930	57	57
19.39643	23.63976	NaN	NaN	NaN	NaN							3	NaN	1	NaN	1	NaN	0.062567922	21.51809025	P30101;G5EA52	P30101;G5EA52	Protein disulfide-isomerase A3	PDIA3	2	7.1	56.782	505	244;264;641	244;245;264;640;641
NaN	NaN	NaN	22.05242	22.42811	20.22647						+	1	NaN	1	NaN	1	NaN	0.000992366	21.56899834	O15031;H0Y7X5	O15031;H0Y7X5	Plexin-B2	PLXNB2	2	0.9	205.12	1838	246	246
19.27112	21.2752	19.47694	21.28082	22.7589	21.29474						+	1	NaN	0.092307728	-1.770398458	0.092307728	-1.770398458	2.07E-07	20.89295387	P26006-1;P26006;H0YA49	P26006-1;P26006;H0YA49	Integrin alpha-3;Integrin alpha-3 heavy chain;Integrin alpha-3 light chain	ITGA3	3	0.9	118.75	1066	12	12
NaN	NaN	NaN	NaN	19.47544	16.6187							2	2	1	NaN	1	NaN	0.050281692	18.0470705	H0YHD5	H0YHD5		NR1H4	1	44.1	3.8116	34	1060;1061	1060;1061
21.00251	22.00446	NaN	NaN	NaN	NaN						+	1	1	1	NaN	1	NaN	0.014828968	21.50348568	H7BZJ3	H7BZJ3	Thioredoxin	PDIA3	1	11.4	13.519	123	833	833;834
18.66442	20.75768	NaN	NaN	NaN	NaN						+	1	NaN	1	NaN	1	NaN	0.033771929	19.71104908	P51991;P51991-2;H7C1J8	P51991;P51991-2;H7C1J8	Heterogeneous nuclear ribonucleoprotein A3	HNRNPA3	3	5.8	39.594	378	938	935;936;937;938
NaN	22.35429	24.71796	NaN	NaN	NaN						+	3	NaN	1	NaN	1	NaN	0.031940192	23.53612137	P07476;J3KPN6	P07476;J3KPN6	Involucrin	IVL	2	5.1	68.478	585	377;379;383	377;379;383
21.26625	24.06176	23.00768	NaN	NaN	NaN						+	1	NaN	1	NaN	1	NaN	0.001277966	22.77856382	J3QRS3;O14950;P19105	J3QRS3;O14950;P19105	Myosin regulatory light chain 12B;Myosin regulatory light chain 12A	MYL12B;MYL12A	3	5.6	20.457	177	325	324;325
23.06742	23.99559	22.16668	19.26586	20.00003	20.68072				+		+	3	NaN	0.009769025	3.094358444	0.009769025	3.094358444	9.84E-07	21.52938302	P26373;J3QSB4;P26373-2;H3BTH3	P26373;J3QSB4	60S ribosomal protein L13	RPL13	4	15.2	24.261	211	730;995;1079	730;995;1079
25.96647	27.39034	23.09653	23.57196	NaN	21.16232						+	5	NaN	0.192542187	3.117305756	0.192542187	3.117305756	2.50E-05	24.23752518	P68431;P84243;Q71DI3;K7EK07;K7ES00;Q16695;Q6NXT2;B4DEB1;K7EMV3;K7EP01	P68431;P84243;Q71DI3;K7EK07;K7ES00;Q16695;Q6NXT2;B4DEB1;K7EMV3;K7EP01	Histone H3.1;Histone H3.3;Histone H3.2;Histone H3.1t;Histone H3.3C;Histone H3	HIST1H3A;H3F3A;HIST2H3A;HIST3H3;H3F3C	10	33.1	15.404	136	628;947;1134;1173;1175	628;946;947;1134;1173;1175
22.8645	25.61569	21.37528	NaN	NaN	NaN						+	4	NaN	1	NaN	1	NaN	0.002833106	23.28515498	P25705;P25705-2;K7EK77;K7ERX7;K7ENJ4;K7ENP3;K7EJP1	P25705;P25705-2;K7EK77;K7ERX7;K7ENJ4;K7ENP3;K7EJP1	"ATP synthase subunit alpha	 mitochondrial"	ATP5A1	7	9.2	59.75	553	124;483;1092;1141	124;483;1091;1092;1141
21.19232	23.74632	19.63226	NaN	NaN	NaN						+	3	NaN	1	NaN	1	NaN	0.003089462	21.52363269	K7ELL7;P14314;P14314-2;K7EPW7;K7EJ70;K7EKX1	K7ELL7;P14314;P14314-2	Glucosidase 2 subunit beta	PRKCSH	6	6.4	60.192	535	219;896;1161	219;896;1161
28.50404	29.55443	29.11855	26.62631	NaN	NaN						+	1	NaN	1	2.432695389	1	2.432695389	2.57E-05	28.45083189	K7EPJ8;K7ER75;K7EQ90	K7EPJ8;K7ER75;K7EQ90			3	11.2	14.54	125	689	689
NaN	NaN	NaN	21.31534	21.34857	NaN						+	2	NaN	1	NaN	1	NaN	0.000495818	21.33195591	Q15758;M0QXM4;Q15758-2;Q15758-3	Q15758;M0QXM4;Q15758-2;Q15758-3	Neutral amino acid transporter B(0)	SLC1A5	4	9.1	56.598	541	416;948	415;416;948
19.94392	21.67319	NaN	NaN	NaN	NaN						+	1	NaN	1	NaN	1	NaN	0.02643748	20.80855465	Q9Y230;M0R0Z0	Q9Y230;M0R0Z0	RuvB-like 2	RUVBL2	2	2.4	51.156	463	313	313
19.49465	20.09249	NaN	NaN	NaN	NaN						+	1	NaN	1	NaN	1	NaN	0.009613442	19.79356861	O94880;O94880-2	O94880;O94880-2	PHD finger protein 14	PHF14	2	1.4	100.05	888	663	663
23.20168	25.99884	19.34726	NaN	NaN	NaN						+	13	NaN	1	NaN	1	NaN	0.007046235	22.84926097	P02545;P02545-6;P02545-2;P02545-3;P02545-4;P02545-5;Q5TCI8;H0YAB0	P02545;P02545-6;P02545-2;P02545-3;P02545-4;P02545-5;Q5TCI8	Prelamin-A/C;Lamin-A/C	LMNA	8	25.8	74.139	664	19;97;100;472;484;486;607;729;742;746;861;979;1040	19;97;100;472;484;485;486;607;729;742;746;861;977;978;979;1040
24.67072	26.86195	24.81895	25.00028	26.54588	24.92556						+	17	NaN	0.965987693	-0.040036519	0.965987693	-0.040036519	1.69E-08	25.47055626	P02751-15;P02751-7;P02751;P02751-3;P02751-17;P02751-5;F8W7G7;P02751-6;P02751-11;P02751-8;P02751-13;P02751-14;P02751-9;P02751-10;P02751-4;P02751-12;H0Y7Z1;P02751-16;P02751-2;H0Y4K8	P02751-15;P02751-7;P02751;P02751-3;P02751-17;P02751-5;F8W7G7;P02751-6;P02751-11;P02751-8;P02751-13;P02751-14;P02751-9;P02751-10;P02751-4;P02751-12	Fibronectin;Anastellin;Ugl-Y1;Ugl-Y2;Ugl-Y3	FN1	20	9.6	272.32	2477	234;263;312;329;412;414;426;473;797;971;1002;1041;1056;1129;1145;1148;1172	233;234;263;312;329;407;408;409;410;411;412;414;425;426;473;797;971;1002;1041;1056;1129;1145;1148;1172
26.84026	29.60249	27.03863	25.58405	27.94815	25.01278			+			+	32	NaN	0.263006874	1.645463308	0.263006874	1.645463308	1.83E-07	27.00439517	P04264;CON__P04264;CON__Q6IFZ6;F8VP67;CON__H-INV:HIT000016045	P04264;CON__P04264	"Keratin	 type II cytoskeletal 1"	KRT1	5	56.2	66.038	644	32;101;183;238;242;250;284;293;331;332;345;549;613;728;731;764;865;869;871;889;891;894;902;906;908;931;990;1005;1023;1027;1146;1155	32;101;183;236;237;238;239;240;241;242;250;251;281;282;283;284;285;286;287;288;289;290;293;331;332;333;345;549;613;728;731;732;764;865;866;867;868;869;871;886;887;888;889;890;891;894;895;901;902;905;906;907;908;931;990;1004;1005;1022;1023;1024;1025;1026;1027;1146;1155;1156
20.03765	24.28235	20.0912	NaN	NaN	NaN						+	4	NaN	1	NaN	1	NaN	0.004261324	21.47039859	P04792;C9J3N8;F8WE04	P04792;C9J3N8	Heat shock protein beta-1	HSPB1	3	26.8	22.782	205	99;362;555;809	99;362;555;556;809
21.7268	NaN	20.54877	NaN	NaN	17.98148						+	1	NaN	1	3.156306267	1	3.156306267	0.003016683	20.08568192	P06703;R4GN98	P06703;R4GN98	Protein S100-A6	S100A6	2	8.9	10.18	90	606	606
22.37247	24.10518	NaN	NaN	NaN	NaN						+	4	NaN	1	NaN	1	NaN	0.023722493	23.23882103	P06748;P06748-2;P06748-3	P06748;P06748-2;P06748-3	Nucleophosmin	NPM1	3	27.9	32.575	294	24;326;538;693	24;326;538;693
22.81652	22.8882	NaN	22.09262	21.87106	21.82408				+	+	+	2	NaN	0.003566396	0.92310969	0.003566396	0.92310969	6.89E-08	22.29849396	P06753-2;P06753-5;Q5VU59;Q5VU61;J3KN67;Q5VU58;P06753-3;P06753-4;Q5VU63;D6R904;D6RFM2	P06753-2;P06753-5;Q5VU59;Q5VU61;J3KN67;Q5VU58;P06753-3;P06753-4;Q5VU63;D6R904;D6RFM2		TPM3	11	8.5	29.032	248	46;993	46;47;993
23.18088	26.2274	19.5515	NaN	NaN	NaN						+	8	NaN	1	NaN	1	NaN	0.006973174	22.98659261	P07237;H7BZ94;F5H8J2;I3L3U6;H0Y3Z3;I3NI03;I3L0S0;I3L312;I3L398;I3L3P5;I3L514	P07237;H7BZ94;F5H8J2;I3L3U6	Protein disulfide-isomerase	P4HB	11	16.1	57.116	508	192;548;579;583;650;1046;1080;1174	192;547;548;579;580;583;649;650;1046;1080;1081;1174
22.27082	21.23748	NaN	NaN	NaN	NaN						+	3	NaN	1	NaN	1	NaN	0.015117146	21.75415039	P07305;P07305-2	P07305	Histone H1.0	H1F0	2	14.4	20.863	194	696;882;987	694;695;696;882;987
21.19538	25.19783	NaN	22.57798	23.53326	22.92459						+	8	NaN	0.911824367	0.184661229	0.911824367	0.184661229	3.81E-06	23.08581085	P07355-2;P07355;A6NMY6;H0YN42;H0YMU9;H0YMD0;H0YKS4;H0YNP5;H0YM50;H0YMM1;H0YMW4;H0YL33;H0YN28;H0YKX9;H0YMT9;H0YLV6;H0YKZ7;H0YNA0;H0YKL9;H0YKV8;H0YMD9;H0YN52;H0YKN4;H0YNB8;H0YLE2	P07355-2;P07355;A6NMY6;H0YN42;H0YMU9;H0YMD0;H0YKS4;H0YNP5;H0YM50;H0YMM1	Annexin A2;Putative annexin A2-like protein;Annexin	ANXA2;ANXA2P2	25	26.9	40.411	357	34;81;601;913;958;1001;1029;1031	34;81;601;913;958;1001;1029;1030;1031
21.11063	23.37279	20.28602	19.3018	19.70568	NaN						+	5	NaN	0.180713471	2.086071968	0.180713471	2.086071968	8.69E-06	20.75538445	P07437;Q5JP53;Q5ST81	P07437;Q5JP53;Q5ST81	Tubulin beta chain	TUBB	3	15.5	49.67	444	84;309;457;576;1168	84;85;309;457;576;1168
18.97337	21.95387	20.42829	NaN	23.03164	15.75564			+			+	4	NaN	0.741942479	1.058200836	0.741942479	1.058200836	9.44E-05	20.02856102	P07996;CON__Q28194;P35442	P07996;CON__Q28194	Thrombospondin-1	THBS1	3	4.5	129.38	1170	349;711;819;981	349;711;819;981
21.12029	23.03106	NaN	NaN	20.31849	NaN						+	4	NaN	1	1.757185936	1	1.757185936	0.00139877	21.48994637	P08238;Q58FF7;P07900-2;P07900;Q86U12	P08238;Q58FF7	Heat shock protein HSP 90-beta;Putative heat shock protein HSP 90-beta-3	HSP90AB1;HSP90AB3P	5	6.9	83.263	724	217;352;378;885	217;352;378;885
23.09333	25.74448	21.97708	NaN	NaN	NaN						+	8	NaN	1	NaN	1	NaN	0.002232682	23.60496203	P08670;B0YJC4;B0YJC5;Q5JVS8	P08670;B0YJC4	Vimentin	VIM	4	22.1	53.651	466	152;222;235;451;761;802;910;1085	152;153;222;235;451;761;802;910;1085
20.8609	21.50722	NaN	NaN	NaN	NaN						+	1	NaN	1	NaN	1	NaN	0.009710714	21.184062	P09496-2;P09496-5	P09496-2;P09496-5			2	9.6	23.662	218	4	4;5
19.13964	20.22682	NaN	21.65626	23.59719	22.65003				+		+	2	2	0.037836349	-2.951264064	0.037836349	-2.951264064	1.17E-05	21.45398788	P09758	P09758	Tumor-associated calcium signal transducer 2	TACSTD2	1	8	35.709	323	74;1128	73;74;75;1128
NaN	23.37053	20.65053	NaN	NaN	NaN						+	1	NaN	1	NaN	1	NaN	0.039285811	22.01053047	P0C7P4;P47985	P0C7P4;P47985	"Putative cytochrome b-c1 complex subunit Rieske-like protein 1;Cytochrome b-c1 complex subunit Rieske	 mitochondrial;Cytochrome b-c1 complex subunit 11"	UQCRFS1P1;UQCRFS1	2	3.2	30.815	283	792	792
24.61054	24.36586	NaN	NaN	NaN	NaN						+	8	NaN	1	NaN	1	NaN	0.003180427	24.48820305	P10412;Q02539;P22492	P10412;Q02539	Histone H1.4;Histone H1.1	HIST1H1E;HIST1H1A	3	37.9	21.865	219	60;61;347;495;847;849;878;909	60;61;62;347;495;496;497;847;848;849;877;878;909
20.39456	23.29011	NaN	NaN	NaN	NaN						+	1	1	1	NaN	1	NaN	0.042135306	21.84233475	P10606	P10606	"Cytochrome c oxidase subunit 5B	 mitochondrial"	COX5B	1	9.3	13.696	129	509	509;510
24.57057	27.03758	22.50732	NaN	NaN	NaN						+	11	NaN	1	NaN	1	NaN	0.002797781	24.70515633	P10809;E7ESH4;E7EXB4;C9JL25;B7Z712;C9JCQ4;C9JL19	P10809	"60 kDa heat shock protein	 mitochondrial"	HSPD1	7	27.4	61.054	573	18;138;353;467;626;710;1007;1047;1050;1088;1093	18;138;353;466;467;468;626;627;709;710;1006;1007;1047;1048;1049;1050;1088;1093
21.99424	24.92714	NaN	NaN	NaN	NaN						+	7	7	1	NaN	1	NaN	0.039741276	23.46069336	P11021	P11021	78 kDa glucose-regulated protein	HSPA5	1	16.1	72.332	654	58;146;211;423;523;635;1054	58;145;146;211;423;523;635;1054
NaN	NaN	NaN	17.69636	NaN	19.20137						+	1	NaN	1	NaN	1	NaN	0.025952547	18.44886208	P14209;P14209-3	P14209;P14209-3	CD99 antigen	CD99	2	5.4	18.848	185	712	712
20.5683	21.64614	NaN	NaN	NaN	NaN						+	3	NaN	1	NaN	1	NaN	0.01625103	21.10722065	P14618;P14618-3;P14618-2;H3BTN5;H3BQ34;H3BTJ2;H3BUW1;H3BT25;H3BU13	P14618;P14618-3	Pyruvate kinase isozymes M1/M2	PKM2	9	9.8	57.936	531	194;552;745	194;552;745
21.29788	24.49674	NaN	NaN	NaN	NaN						+	3	NaN	1	NaN	1	NaN	0.044397279	22.8973074	P14625;H0YIV0	P14625;H0YIV0	Endoplasmin	HSP90B1	2	4.9	92.468	803	96;195;879	96;195;879
NaN	NaN	NaN	NaN	20.58829	20.09249						+	3	NaN	1	NaN	1	NaN	0.007758526	20.34039116	P16144;P16144-3;P16144-2;P16144-4;J3QS11	P16144;P16144-3;P16144-2;P16144-4	Integrin beta-4	ITGB4	5	1.6	202.16	1822	621;1104;1111	621;1104;1111
27.22665	27.11028	24.24191	NaN	NaN	NaN						+	11	9	1	NaN	1	NaN	0.001385842	26.19294675	P16401	P16401	Histone H1.5	HIST1H1B	1	36.7	22.58	226	63;64;119;347;498;717;718;788;852;854;909	63;64;118;119;347;498;499;500;717;718;787;788;789;850;851;852;853;854;855;856;857;909
22.6281	21.31954	NaN	NaN	NaN	NaN						+	8	2	1	NaN	1	NaN	0.018950024	21.97381783	P16402	P16402	Histone H1.3	HIST1H1D	1	37.6	22.35	221	60;61;347;495;858;859;878;909	60;61;62;347;495;496;497;858;859;877;878;909
27.58298	27.85103	24.559	NaN	NaN	NaN						+	9	3	1	NaN	1	NaN	0.0015633	26.66433589	P16403	P16403	Histone H1.2	HIST1H1C	1	39	21.364	213	60;61;347;495;842;843;846;878;909	60;61;62;347;495;496;497;841;842;843;844;845;846;877;878;909
24.60145	29.30319	27.29439	NaN	NaN	21.5232						+	6	NaN	1	5.543141683	1	5.543141683	0.00061625	25.68055725	P20671;P0C0S8;Q6FI13;Q16777;Q9BTM1;Q96KK5;Q99878;Q9BTM1-2;H0YFX9;P16104;Q96QV6;Q8IUE6;P0C0S5;Q71UI9;C9J0D1;Q71UI9-2;Q71UI9-4;Q71UI9-3;C9J386;Q71UI9-5	P20671;P0C0S8;Q6FI13;Q16777;Q9BTM1;Q96KK5;Q99878;Q9BTM1-2;H0YFX9;P16104;Q96QV6	Histone H2A type 1-D;Histone H2A type 1;Histone H2A type 2-A;Histone H2A type 2-C;Histone H2A.J;Histone H2A type 1-H;Histone H2A type 1-J;Histone H2A;Histone H2A.x;Histone H2A type 1-A	HIST1H2AD;HIST1H2AG;HIST2H2AA3;HIST2H2AC;H2AFJ;HIST1H2AH;HIST1H2AJ;H2AFX;HIST1H2AA	20	43.1	14.107	130	49;380;381;599;713;1132	48;49;380;381;382;599;713;1130;1131;1132
21.3326	23.18167	19.11332	NaN	21.39723	NaN						+	3	NaN	1	-0.188035965	1	-0.188035965	0.000131956	21.25620317	P22626;P22626-2	P22626;P22626-2	Heterogeneous nuclear ribonucleoproteins A2/B1	HNRNPA2B1	2	9.6	37.429	353	83;274;762	83;274;762
22.23999	22.94057	NaN	25.89076	25.85856	24.45111				+		+	4	NaN	0.024341587	-2.809863091	0.024341587	-2.809863091	5.26E-06	24.27619934	E9PK25;P23528;E9PP50;G3V1A4;E9PS23;Q9Y281;Q9Y281-3;E9PQB7;E9PLJ3	E9PK25;P23528;E9PP50;G3V1A4;E9PS23	Cofilin-1	CFL1	9	22.1	22.728	204	111;114;574;1154	111;112;113;114;574;1153;1154
20.43145	22.92096	NaN	NaN	NaN	NaN						+	1	1	1	NaN	1	NaN	0.036517745	21.67620659	P35232	P35232	Prohibitin	PHB	1	5.1	29.804	272	513	513
26.58276	27.76129	25.59918	25.70773	27.75028	26.29625			+			+	16	NaN	0.94583236	0.062994003	0.94583236	0.062994003	1.28E-08	26.61624686	P35527;CON__P35527;K7EQQ3	P35527;CON__P35527;K7EQQ3	"Keratin	 type I cytoskeletal 9"	KRT9	3	48.5	62.064	623	155;253;260;291;298;302;307;372;374;428;446;763;824;952;1003;1009	155;156;252;253;254;255;256;257;258;259;260;261;291;297;298;299;300;301;302;303;304;305;306;307;372;373;374;428;445;446;447;763;824;952;1003;1008;1009
24.17912	26.13393	22.25142	20.01059	20.52927	19.49498				+		+	18	NaN	0.022741185	4.176542918	0.022741185	4.176542918	4.89E-06	22.09988276	P35579;P35579-2;P35580-4;P35580-3;F8W6L6;P35580-2;P35749-2;P35580;P35749;P35749-3;P35749-4;G8JLL9;Q7Z406-2;F2Z2U8;Q7Z406-6;Q7Z406;Q5BKV1	P35579;P35579-2	Myosin-9	MYH9	17	13	226.53	1960	59;67;210;417;420;494;508;518;586;610;656;725;743;767;776;1096;1107;1152	59;67;210;417;418;419;420;494;508;518;586;610;656;725;743;767;776;1096;1097;1107;1152
25.54857	27.94089	25.68317	27.51013	27.78936	22.62732			+			+	22	NaN	0.833124805	0.415273666	0.833124805	0.415273666	6.05E-07	26.18324057	P35908;CON__P35908;CON__Q3TTY5;CON__Q7Z794;Q7Z794;P12036;P12036-2;F8W1S1;CON__Q7RTS7;Q7RTS7;CON__Q9R0H5;CON__REFSEQ:XP_932229;H0YID6	P35908;CON__P35908	"Keratin	 type II cytoskeletal 2 epidermal"	KRT2	13	41.8	65.432	639	7;102;238;277;280;294;308;343;364;516;533;550;733;806;823;892;903;954;972;1158;1163;1164	7;8;102;236;237;238;239;240;241;276;277;278;279;280;294;295;296;308;342;343;344;364;516;533;550;551;733;734;735;806;823;892;903;954;972;973;1158;1163;1164
24.84814	26.17484	26.28314	NaN	NaN	21.51898						+	1	1	1	4.249725342	1	4.249725342	0.000199292	24.70627594	P42704	P42704	"Leucine-rich PPR motif-containing protein	 mitochondrial"	LRPPRC	1	1.1	157.9	1394	598	598
20.37358	22.53284	22.62536	NaN	NaN	NaN						+	1	NaN	1	NaN	1	NaN	0.001132271	21.84392548	P47888;P47893	P47888;P47893	Olfactory receptor 3A3;Olfactory receptor 3A2	OR3A3;OR3A2	2	4.7	34.963	321	692	692
21.02634	22.09249	20.24481	NaN	NaN	NaN						+	1	1	1	NaN	1	NaN	0.000642148	21.12121582	P47914	P47914	60S ribosomal protein L29	RPL29	1	9.4	17.752	159	95	95
20.66423	22.92722	NaN	NaN	NaN	NaN						+	2	NaN	1	NaN	1	NaN	0.033019559	21.79572201	P48047;H7C0C1;H7C086	P48047;H7C0C1;H7C086	"ATP synthase subunit O	 mitochondrial"	ATP5O	3	11.7	23.277	213	630;1062	629;630;1062
NaN	NaN	NaN	17.19162	18.52589	17.81378						+	1	1	1	NaN	1	NaN	0.000466323	17.84376272	P49006	P49006	MARCKS-related protein	MARCKSL1	1	6.7	19.529	195	2	2;3
19.08892	NaN	NaN	NaN	17.87484	16.96432						+	2	2	1	1.669343948	1	1.669343948	0.001169957	17.97602654	P49207	P49207	60S ribosomal protein L34	RPL34	1	20.5	13.293	117	36;794	36;794
23.53029	25.45945	21.79555	21.35386	23.68571	23.13367						+	12	NaN	0.530869087	0.870684942	0.530869087	0.870684942	2.21E-07	23.15975412	P55072;C9IZA5;C9JUP7	P55072	Transitional endoplasmic reticulum ATPase	VCP	3	17.7	89.321	806	54;104;110;154;197;534;561;581;644;645;1063;1144	54;104;105;106;107;108;109;110;154;196;197;534;535;536;561;581;644;645;1063;1144
22.64526	22.9272	NaN	NaN	NaN	NaN						+	2	2	1	NaN	1	NaN	0.003938408	22.78623104	P56385	P56385	"ATP synthase subunit e	 mitochondrial"	ATP5I	1	18.8	7.9331	69	209;422	209;421;422
22.2498	23.10856	NaN	NaN	NaN	NaN						+	4	NaN	1	NaN	1	NaN	0.012051583	22.67917919	P61254;Q9UNX3;E5RIT6;J3QQV1;J3QQQ9;J3QRI7;J3KTJ8;J3QRC4;J3KSS0;E5RHH1;J3KS10	P61254;Q9UNX3;E5RIT6;J3QQV1;J3QQQ9;J3QRI7;J3KTJ8;J3QRC4;J3KSS0;E5RHH1	60S ribosomal protein L26;60S ribosomal protein L26-like 1	RPL26;RPL26L1	11	26.2	17.258	145	311;664;791;1181	311;664;791;1181
20.47684	22.23696	19.84106	19.09769	NaN	NaN						+	1	NaN	1	1.753926595	1	1.753926595	7.77E-05	20.41313744	P61978-2;P61978;P61978-3;Q5T6W5;Q5T6W2;Q5T6W1	P61978-2;P61978;P61978-3;Q5T6W5;Q5T6W2;Q5T6W1	Heterogeneous nuclear ribonucleoprotein K	HNRNPK	6	1.7	51.028	464	189	189;190
20.2604	22.61885	NaN	NaN	NaN	NaN						+	2	NaN	1	NaN	1	NaN	0.034980161	21.4396286	P62241;Q5JR95	P62241;Q5JR95	40S ribosomal protein S8	RPS8	2	13.5	24.205	208	429;481	429;481
21.10162	23.13061	17.79918	20.26304	NaN	22.16873						+	2	2	0.81647088	-0.538750331	0.81647088	-0.538750331	2.15E-05	20.89263878	P62269	P62269	40S ribosomal protein S18	RPS18	1	16.4	17.718	152	775;904	775;904
20.22988	23.00539	NaN	NaN	NaN	NaN						+	1	NaN	1	NaN	1	NaN	0.040812172	21.61763191	P62328;Q5T4B6	P62328;Q5T4B6	Thymosin beta-4;Hematopoietic system regulatory peptide	TMSB4X;TMSL4	2	31.8	5.0526	44	830	829;830
21.77985	23.37584	NaN	NaN	NaN	NaN						+	2	NaN	1	NaN	1	NaN	0.022491449	22.57784176	P62424;Q5T8U3;Q5T8U2	P62424;Q5T8U3;Q5T8U2	60S ribosomal protein L7a	RPL7A	3	8.3	29.995	266	716;785	715;716;785
27.76951	29.29877	26.25452	NaN	NaN	NaN						+	7	7	1	NaN	1	NaN	0.000999639	27.7742672	P62805	P62805	Histone H4	HIST1H4A	1	53.4	11.367	103	168;474;475;529;1015;1052;1087	165;166;167;168;169;474;475;476;527;528;529;1015;1016;1051;1052;1053;1087
28.49037	29.77403	27.04843	21.48675	17.83855	20.73777				+	+	+	9	NaN	0.0034917	8.416589101	0.0034917	8.416589101	6.42E-05	24.22931608	P62807;U3KQK0;P58876;Q99877;Q99879;Q99880;Q16778;P33778;Q96A08	P62807;U3KQK0;P58876;Q99877;Q99879;Q99880;Q16778;P33778	Histone H2B type 1-C/E/F/G/I;Histone H2B type 1-D;Histone H2B type 1-N;Histone H2B type 1-M;Histone H2B type 1-L;Histone H2B type 2-E;Histone H2B type 1-B	HIST1H2BC;HIST1H2BD;HIST1H2BN;HIST1H2BM;HIST1H2BL;HIST2H2BE;HIST1H2BB	9	61.1	13.906	126	88;207;356;358;507;597;754;930;951	88;207;208;356;358;359;506;507;596;597;754;930;951
22.37695	NaN	19.50421	NaN	17.91	NaN						+	2	NaN	1	3.030580521	1	3.030580521	0.004272875	19.93038495	P62995;P62995-3;H7C2L4	P62995;P62995-3;H7C2L4	Transformer-2 protein homolog beta	TRA2B	3	8.3	33.665	288	17;832	17;831;832
21.5148	22.7035	NaN	24.05499	24.43326	22.85464						+	14	NaN	0.114388514	-1.671815236	0.114388514	-1.671815236	1.54E-06	23.11223717	P63261;I3L1U9;I3L3I0;J3KT65;I3L3R2;K7EM38;I3L4N8	P63261;I3L1U9;I3L3I0;J3KT65;I3L3R2;K7EM38;I3L4N8	"Actin	 cytoplasmic 2;Actin	 cytoplasmic 2	 N-terminally processed"	ACTG1	7	40.8	41.792	375	41;44;127;162;174;177;201;204;386;396;557;684;965;1068	41;42;43;44;127;128;162;173;174;175;176;177;178;179;180;181;201;202;203;204;386;387;388;389;390;391;392;393;394;395;396;397;398;399;557;682;683;684;964;965;966;967;968;969;970;1068;1069
23.10146	23.06146	21.35864	24.05292	24.53249	23.17843						+	1	1	0.112692871	-1.414092382	0.112692871	-1.414092382	4.85E-08	23.21423372	P63313	P63313	Thymosin beta-10	TMSB10	1	36.4	5.0256	44	28	25;26;27;28
NaN	22.41245	NaN	21.16484	22.81196	NaN						+	4	NaN	1	0.424053192	1	0.424053192	0.000502072	22.12975248	P68104;Q5VTE0;Q05639;Q5JR01;A6PW80	P68104;Q5VTE0;Q05639;Q5JR01;A6PW80	Elongation factor 1-alpha 1;Putative elongation factor 1-alpha-like 3;Elongation factor 1-alpha 2	EEF1A1;EEF1A1P5;EEF1A2	5	14.1	50.14	462	163;862;957;989	163;862;863;957;989
22.84711	24.46507	NaN	NaN	20.83237	NaN						+	6	NaN	1	2.823721886	1	2.823721886	0.002133001	22.7148482	P68371;P04350;Q13509;Q13885;Q9BVA1;Q3ZCM7;A8K854;G3V2A3;Q9BUF5;A6NNZ2;I3L2F9;Q5SQY0;A6NKZ8;F5H0I4;K7ESM5;E9PBJ4;M0R278;M0QYM7;M0QZL7;M0R2D3;M0R042;M0QX14;M0QY37;M0QY85;M0R0X0	P68371;P04350	Tubulin beta-4B chain;Tubulin beta-4A chain	TUBB4B;TUBB4A	25	19.1	49.83	445	132;309;457;459;576;1168	132;133;309;457;459;576;1168
20.28568	NaN	NaN	24.1931	24.31872	22.25969						+	1	1	1	-3.304821014	1	-3.304821014	0.000159849	22.76429844	Q04941	Q04941	Proteolipid protein 2	PLP2	1	8.6	16.691	152	402	402
24.27049	26.80452	20.31915	23.40989	24.90049	23.1212						+	12	NaN	0.995241362	-0.012473424	0.995241362	-0.012473424	1.29E-06	23.80429109	Q08380;K7EP36;K7EKQ5;K7ESM3;K7EJD3;K7ERZ6;K7EN99;K7ES75;K7EQT9;K7EJY8	Q08380	Galectin-3-binding protein	LGALS3BP	10	25.8	65.33	585	9;125;489;493;525;541;542;873;950;953;1010;1176	9;10;11;125;488;489;490;491;492;493;524;525;540;541;542;873;950;953;1010;1176;1177
NaN	21.94871	18.77137	NaN	NaN	NaN						+	2	2	1	NaN	1	NaN	0.049574248	20.3600359	Q09666	Q09666	Neuroblast differentiation-associated protein AHNAK	AHNAK	1	0.5	629.09	5890	588;681	588;681
NaN	22.04557	NaN	18.81441	NaN	18.7008						+	3	3	1	3.287965775	1	3.287965775	0.003036275	19.85359128	Q13751	Q13751	Laminin subunit beta-3	LAMB3	1	2.8	129.57	1172	6;275;793	6;275;793
20.12149	21.58445	21.37793	18.5321	NaN	NaN						+	2	NaN	1	2.495850881	1	2.495850881	8.97E-05	20.40399265	Q13753;Q13753-2	Q13753;Q13753-2	Laminin subunit gamma-2	LAMC2	2	1.7	130.97	1193	71;76	71;72;76
21.06605	25.1279	24.79129	21.99137	21.94682	NaN						+	1	NaN	0.387970043	1.692653338	0.387970043	1.692653338	9.86E-06	22.98468628	Q14746;Q14746-2	Q14746;Q14746-2	Conserved oligomeric Golgi complex subunit 2	COG2	2	1.8	83.207	738	198	198
26.17889	NaN	22.55639	NaN	NaN	23.2115						+	1	NaN	1	1.156141281	1	1.156141281	0.002152569	23.98226102	Q401N2;Q401N2-2	Q401N2;Q401N2-2	Zinc-activated ligand-gated ion channel	ZACN	2	1.7	45.816	412	620	620
NaN	20.18713	19.71206	NaN	NaN	NaN						+	1	1	1	NaN	1	NaN	0.007579673	19.94959641	Q4W5N1	Q4W5N1	Putative ATP-binding cassette sub-family A member 11	ABCA11P	1	4.5	17.479	156	243	243
23.17083	25.96675	NaN	NaN	NaN	NaN						+	3	1	1	NaN	1	NaN	0.036184581	24.56879139	Q562R1	Q562R1	Beta-actin-like protein 2	ACTBL2	1	12	42.003	376	386;965;1067	386;387;388;389;390;391;392;393;394;395;964;965;966;967;968;969;970;1067
24.83108	18.31986	NaN	NaN	NaN	NaN							9	NaN	1	NaN	1	NaN	0.095342952	21.57546997	Q5QNW6-2;Q5QNW6;Q93079;B4DR52;P23527	Q5QNW6-2;Q5QNW6;Q93079;B4DR52;P23527	Histone H2B type 2-F;Histone H2B type 1-H;Histone H2B;Histone H2B type 1-O	HIST2H2BF;HIST1H2BH;HIST1H2BO	5	57.5	14.841	134	88;207;356;358;507;597;751;930;951	88;207;208;356;358;359;506;507;596;597;750;751;930;951
NaN	NaN	NaN	21.01154	21.52196	19.7769						+	3	NaN	1	NaN	1	NaN	0.000621438	20.77013334	Q9H299;Q5T123	Q9H299;Q5T123	SH3 domain-binding glutamic acid-rich-like protein 3	SH3BGRL3	2	18.3	10.438	93	874;875;1142	874;875;1142;1143
NaN	NaN	NaN	18.71075	20.19099	18.28387						+	1	1	1	NaN	1	NaN	0.000917707	19.06187312	Q5T749	Q5T749	Keratinocyte proline-rich protein	KPRP	1	1.6	64.135	579	803	803;804
NaN	NaN	NaN	25.60173	25.60405	24.55198						+	1	NaN	1	NaN	1	NaN	0.000192377	25.25258573	Q86V48;Q86V48-3;Q86V48-2	Q86V48;Q86V48-3;Q86V48-2	Leucine zipper protein 1	LUZP1	3	0.9	120.27	1076	55	55
21.91831	21.81237	21.71205	22.6348	NaN	24.3841						+	1	1	0.081608275	-1.695207914	0.081608275	-1.695207914	1.46E-06	22.49232521	Q8TF72	Q8TF72	Protein Shroom3	SHROOM3	1	0.5	216.85	1996	940	940
NaN	19.79701	20.72392	23.67433	23.53457	17.75773						+	1	1	0.621101467	-1.395075162	0.621101467	-1.395075162	4.85E-05	21.09751358	Q96P66	Q96P66	Probable G-protein coupled receptor 101	GPR101	1	2.6	56.716	508	148	148
18.77291	NaN	18.36384	NaN	NaN	NaN						+	1	1	1	NaN	1	NaN	0.007012215	18.56837845	Q9BS26	Q9BS26	Endoplasmic reticulum resident protein 44	ERP44	1	3	46.971	406	1082	1082
22.19703	23.52121	22.69347	NaN	20.61414	NaN						+	1	1	1	2.189764023	1	2.189764023	4.57E-05	22.25646448	Q9H324	Q9H324	A disintegrin and metalloproteinase with thrombospondin motifs 10	ADAMTS10	1	1.6	120.87	1103	191	191
NaN	NaN	NaN	NaN	19.62362	28.0531							7	7	1	NaN	1	NaN	0.111406207	23.83836174	Q9NQX4	Q9NQX4	Unconventional myosin-Vc	MYO5C	1	3.5	202.81	1742	199;453;454;487;526;1042;1151	199;200;453;454;487;526;1042;1151
18.51183	19.94206	NaN	22.51545	24.02842	21.77121				+		+	4	4	0.039159557	-3.544746399	0.039159557	-3.544746399	2.50E-05	21.35379372	Q9P2B2	Q9P2B2	Prostaglandin F2 receptor negative regulator	PTGFRN	1	5	98.555	879	82;708;961;980	82;707;708;961;980
22.03443	24.488	23.76426	NaN	NaN	NaN						+	1	1	1	NaN	1	NaN	0.000963756	23.42889341	Q9Y2K3	Q9Y2K3	Myosin-15	MYH15	1	0.6	224.62	1946	212	212;213
24.82104	24.59759	24.39585	NaN	NaN	NaN						+	1	1	1	NaN	1	NaN	2.49E-05	24.6048247	U3KQV1	U3KQV1			1	18.5	10.065	92	653	653
